id,event_time_utc,symbol,direction,primary_filter,entry_theoretical,sl_theoretical,tp_theoretical,levels_source,sl_multiplier,tp_multiplier,scan_score,final_ai_score,research_score,learning_score,dynamic_threshold,long_score,short_score,tf4h_status,macro_bias,vision_state,vision_approved,image_retained,exact_rejection_reason,window_4h_complete,first_static_hit,first_hit_at,mfe_r_before_exit,mae_r_before_exit,static_exit_r,trailing_approx_exit,trailing_approx_exit_r,hypothetical_pnl_usd_identifiable,verdict_4h
4,2026-06-23T02:07:46Z,SPCXUSDT,SHORT,RSI,153.96,158.4587112,144.9625776,production-defaults-reconstructed,1.5,2,0.743,61,,,,0,72,CONFIRMS,NEUTRAL,LATE_TREND,1,NO,RSI peligroso para SHORT: 19.9,YES,none,,0.82468063,0.1244801,0.66685765,horizon,0.66685765,,FALSE_NEGATIVE_PROFITABLE
6,2026-06-23T02:15:47Z,SKHYNIXUSDT,SHORT,IMAGE,1823.81,1873.57265585,1724.2846883,production-defaults-reconstructed,1.5,2,0.746,21,,,,15,70,CONTRADICTS,NEUTRAL,LATE_TREND,1,NO,LATE_TREND bloqueado — score=50 vol=3.58x (necesita score>=90+vol>=1.2x o score>=85+vol>=1.5x),YES,tp,2026-06-23T04:59:00Z,2.02581631,0.1159504,2,sl,0.5,,FALSE_NEGATIVE_PROFITABLE
8,2026-06-23T02:30:47Z,SPCXUSDT,SHORT,RSI,154.27,158.82636445,145.1572711,production-defaults-reconstructed,1.5,2,0.73,66,,,,0,77,CONFIRMS,NEUTRAL,LATE_TREND,0,NO,RSI peligroso para SHORT: 21.0,YES,none,,1.62410186,0.05047884,1.10395032,horizon,1.10395032,,FALSE_NEGATIVE_PROFITABLE
10,2026-06-23T02:45:46Z,DRAMUSDT,SHORT,IMAGE,75.89,77.89463435,71.8807313,production-defaults-reconstructed,1.5,2,0.643,46,,,,15,95,CONTRADICTS,NEUTRAL,MID_TREND,0,NO,"Chart MID_TREND + imagen rechaza: El precio está recuperándose desde los mínimos recientes, mostrando fortaleza alcista con velas verdes consecutivas y volumen creciente, lo que desaconseja abrir posiciones cortas en este momento.",YES,tp,2026-06-23T05:55:00Z,2.12008739,0.2194914,2,sl,0.03785728,,FALSE_NEGATIVE_PROFITABLE
12,2026-06-23T03:00:47Z,SPCXUSDT,SHORT,RSI,153.6,157.860096,145.079808,production-defaults-reconstructed,1.5,2,0.796,61,,,,0,72,CONFIRMS,NEUTRAL,LATE_TREND,0,NO,RSI peligroso para SHORT: 19.7,YES,none,,1.57977661,0.03286311,1.10560889,horizon,1.10560889,,FALSE_NEGATIVE_PROFITABLE
14,2026-06-23T03:15:48Z,SPCXUSDT,SHORT,RSI,153.04,157.4200048,144.2799904,production-defaults-reconstructed,1.5,2,0.816,61,,,,0,72,CONFIRMS,NEUTRAL,LATE_TREND,1,NO,RSI peligroso para SHORT: 19.1,YES,none,,1.40867426,0.15981718,0.33333297,horizon,0.33333297,,FALSE_NEGATIVE_PROFITABLE
16,2026-06-23T03:30:50Z,SKHYNIXUSDT,SHORT,RSI,1764.93,1817.2954731,1660.1990538,production-defaults-reconstructed,1.5,2,0.833,41,,,,15,90,CONTRADICTS,NEUTRAL,LATE_TREND,1,NO,RSI peligroso para SHORT: 24.0,YES,none,,1.92741503,0.76634465,0.76500789,horizon,0.76500789,,FALSE_NEGATIVE_PROFITABLE
18,2026-06-23T03:45:48Z,MRVLUSDT,SHORT,IMAGE,291.1,298.269793,276.760414,production-defaults-reconstructed,1.5,2,0.738,32,,,,0,72,NEUTRAL,NEUTRAL,LATE_TREND,1,NO,LATE_TREND bloqueado — score=67 vol=0.76x (necesita score>=90+vol>=1.2x o score>=85+vol>=1.5x),YES,none,,1.40031937,0.30126393,0.62344896,horizon,0.62344896,,FALSE_NEGATIVE_PROFITABLE
20,2026-06-23T04:00:48Z,DRAMUSDT,SHORT,AI_CONTEXT,75.79,77.7544768,71.8610464,production-defaults-reconstructed,1.5,2,0.718,50,,,,15,95,NEUTRAL,NEUTRAL,LATE_TREND,1,NO,"AI rechaza: Conflicto crítico: señal de inteligencia bloquea operación, contexto macro neutral con miedo extremo (23/100), y RSI sobrevendido (29.17) genera riesgo alto de rebote contra tu corto.",YES,tp,2026-06-23T05:55:00Z,2.11252177,0.04581373,2,tp,2,,FALSE_NEGATIVE_PROFITABLE
22,2026-06-23T04:15:52Z,SKHYNIXUSDT,SHORT,IMAGE,1777.36,1832.7069904,1666.6660192,production-defaults-reconstructed,1.5,2,0.834,25,,,,15,90,CONTRADICTS,NEUTRAL,LATE_TREND,1,NO,LATE_TREND bloqueado — score=70 vol=3.54x (necesita score>=90+vol>=1.2x o score>=85+vol>=1.5x),YES,tp,2026-06-23T06:12:00Z,2.01004606,0,2,tp,2,,FALSE_NEGATIVE_PROFITABLE
24,2026-06-23T04:30:47Z,SPCXUSDT,SHORT,RSI,152.91,157.26564135,144.1987173,production-defaults-reconstructed,1.5,2,0.702,45,,,,0,72,CONFIRMS,NEUTRAL,LATE_TREND,0,NO,RSI peligroso para SHORT: 19.1,YES,none,,1.38670738,0.16071112,0.8288102,horizon,0.8288102,,FALSE_NEGATIVE_PROFITABLE
26,2026-06-23T04:45:49Z,SPCXUSDT,SHORT,RSI,153,157.35591,144.28818,production-defaults-reconstructed,1.5,2,0.699,45,,,,0,72,CONFIRMS,NEUTRAL,LATE_TREND,1,NO,RSI peligroso para SHORT: 19.4,YES,none,,1.40728344,0.14003962,1.18000601,horizon,1.18000601,,FALSE_NEGATIVE_PROFITABLE
28,2026-06-23T05:00:50Z,MRVLUSDT,SHORT,IMAGE,290.03,296.63833355,276.8133329,production-defaults-reconstructed,1.5,2,0.727,32,,,,0,72,NEUTRAL,NEUTRAL,LATE_TREND,1,NO,LATE_TREND bloqueado — score=67 vol=0.40x (necesita score>=90+vol>=1.2x o score>=85+vol>=1.5x),YES,none,,1.45119793,0.20731399,0.8640605,sl,0.04388852,,FALSE_NEGATIVE_PROFITABLE
30,2026-06-23T05:15:50Z,SNDKUSDT,SHORT,IMAGE,2152.41,2201.77552335,2053.6789533,production-defaults-reconstructed,1.5,2,0.741,17,,,,0,82,CONTRADICTS,NEUTRAL,LATE_TREND,1,NO,LATE_TREND bloqueado — score=62 vol=0.59x (necesita score>=90+vol>=1.2x o score>=85+vol>=1.5x),YES,tp,2026-06-23T08:17:00Z,2.02388212,0.08507962,2,sl,0.04360148,,FALSE_NEGATIVE_PROFITABLE
32,2026-06-23T05:30:49Z,SKHYNIXUSDT,SHORT,RSI,1717.73,1777.53276995,1598.1244601,production-defaults-reconstructed,1.5,2,0.826,40,,,,15,90,NEUTRAL,NEUTRAL,LATE_TREND,1,NO,RSI peligroso para SHORT: 20.4,YES,none,,0.89845337,0.21754845,0.01772493,horizon,0.01772493,,FALSE_NEGATIVE_PROFITABLE
34,2026-06-23T05:45:53Z,SKHYNIXUSDT,SHORT,RSI,1706.03,1768.24038395,1581.6092321,production-defaults-reconstructed,1.5,2,0.822,45,,,,15,85,NEUTRAL,NEUTRAL,LATE_TREND,1,NO,RSI peligroso para SHORT: 19.7,YES,none,,0.67561068,0.39720057,0.04340111,horizon,0.04340111,,FALSE_NEGATIVE_PROFITABLE
36,2026-06-23T06:00:51Z,SPCXUSDT,SHORT,RSI,150.8,154.89422,142.61156,production-defaults-reconstructed,1.5,2,0.782,45,,,,0,72,CONFIRMS,NEUTRAL,LATE_TREND,1,NO,RSI peligroso para SHORT: 17.5,YES,none,,0.9598898,0.33950301,0.28821119,horizon,0.28821119,,FALSE_NEGATIVE_PROFITABLE
38,2026-06-23T06:30:50Z,SKHYNIXUSDT,SHORT,RSI,1689.71,1754.11329665,1560.9034067,production-defaults-reconstructed,1.5,2,0.82,61,,,,15,85,NEUTRAL,NEUTRAL,LATE_TREND,1,NO,RSI peligroso para SHORT: 19.6,YES,none,,0.30604023,0.63707919,-0.07949904,horizon,-0.07949904,,CORRECT_REJECTION_LOSS_AVOIDED
40,2026-06-23T06:45:51Z,SPCXUSDT,SHORT,RSI,147.38,151.956149,138.227702,production-defaults-reconstructed,1.5,2,0.856,57,,,,0,72,CONFIRMS,NEUTRAL,LATE_TREND,1,NO,RSI peligroso para SHORT: 14.8,YES,sl,2026-06-23T08:00:00Z,0,1.05110214,-1,sl,-1,,CORRECT_REJECTION_LOSS_AVOIDED
42,2026-06-23T07:15:55Z,ZECUSDT,SHORT,AI_CONTEXT,427.67,438.45369905,406.1026019,production-defaults-reconstructed,1.5,2,0.773,46,,,,15,95,CONFIRMS,NEUTRAL,LATE_TREND,1,NO,AI rechaza: fallback,YES,none,,1.15822965,0.06954942,0.32827326,horizon,0.32827326,,FALSE_NEGATIVE_PROFITABLE
44,2026-06-23T07:30:50Z,SKHYNIXUSDT,SHORT,SCORE,1726.08,1790.6267616,1596.9864768,production-defaults-reconstructed,1.5,2,0.822,73,,,75,15,90,NEUTRAL,NEUTRAL,LATE_TREND,1,NO,Score insuficiente: 73 < threshold dinámico 75 (macro=NEUTRAL 4h=NEUTRAL intel=SHORT pos=2),YES,none,,0.84868704,0.00170419,0.45006131,horizon,0.45006131,,FALSE_NEGATIVE_PROFITABLE
46,2026-06-23T08:45:55Z,HYPEUSDT,SHORT,AI_CONTEXT,63.359,65.06494108,59.94711785,production-defaults-reconstructed,1.5,2,0.836,60,,,,2,77,CONFIRMS,BEARISH,LATE_TREND,1,NO,AI rechaza: RSI en sobrevendido (26.77) genera riesgo inmediato de rebote; señal de inteligencia bloqueada por conflicto macro/sesión/noticias reduce confiabilidad del setup.,YES,none,,0.62311648,0.0926175,0.35698771,horizon,0.35698771,,FALSE_NEGATIVE_PROFITABLE
48,2026-06-23T09:00:50Z,ETHUSDT,SHORT,RSI,1647.99,1671.5727369,1600.8245262,production-defaults-reconstructed,1.5,2,1.063,68,,,,15,85,CONFIRMS,BEARISH,LATE_TREND,1,NO,RSI peligroso para SHORT: 18.2,YES,none,,0.03137889,0.63266618,-0.22304451,horizon,-0.22304451,,CORRECT_REJECTION_LOSS_AVOIDED
50,2026-06-23T09:15:49Z,ETHUSDT,SHORT,RSI,1650.18,1674.1158609,1602.3082782,production-defaults-reconstructed,1.5,2,1.062,68,,,,15,85,CONFIRMS,BEARISH,LATE_TREND,1,NO,RSI peligroso para SHORT: 19.7,YES,none,,0.12241047,0.53183798,-0.01921803,horizon,-0.01921803,,CORRECT_REJECTION_LOSS_AVOIDED
52,2026-06-23T09:45:53Z,ETHUSDT,SHORT,RSI,1648.93,1673.09506915,1600.5998617,production-defaults-reconstructed,1.5,2,1.064,68,,,,15,85,CONFIRMS,BEARISH,LATE_TREND,1,NO,RSI peligroso para SHORT: 18.8,YES,none,,0.21808338,0.578521,-0.31740029,horizon,-0.31740029,,CORRECT_REJECTION_LOSS_AVOIDED
54,2026-06-23T10:00:52Z,SOXLUSDT,SHORT,RSI,252.33,263.24201085,230.5059783,production-defaults-reconstructed,1.5,2,0.72,74,,,,10,85,NEUTRAL,BEARISH,LATE_TREND,1,NO,RSI peligroso para SHORT: 24.8,YES,none,,1.89332656,0.16403943,0.33907591,sl,0.5,,FALSE_NEGATIVE_PROFITABLE
56,2026-06-23T10:15:51Z,HYPEUSDT,SHORT,AI_CONTEXT,62.754,64.35893355,59.5441329,production-defaults-reconstructed,1.5,2,0.734,37,,,,2,77,CONFIRMS,BEARISH,LATE_TREND,1,NO,AI rechaza: fallback,YES,none,,0.28537007,0.54644007,-0.42307048,horizon,-0.42307048,,CORRECT_REJECTION_LOSS_AVOIDED
58,2026-06-23T10:30:55Z,SNDKUSDT,SHORT,RSI,2064.11,2123.15386655,1946.0222669,production-defaults-reconstructed,1.5,2,0.791,59,,,,2,87,NEUTRAL,BEARISH,LATE_TREND,1,NO,RSI peligroso para SHORT: 23.6,YES,none,,1.84506887,0.82701223,0.69947994,sl,0.5,,FALSE_NEGATIVE_PROFITABLE
60,2026-06-23T10:45:52Z,ETHUSDT,SHORT,RSI,1649.01,1672.48365735,1602.0626853,production-defaults-reconstructed,1.5,2,1.056,62,,,,0,67,CONFIRMS,BEARISH,LATE_TREND,1,NO,RSI peligroso para SHORT: 19.4,YES,none,,0.22791506,0.97939574,-0.57553878,horizon,-0.57553878,,CORRECT_REJECTION_LOSS_AVOIDED
62,2026-06-23T11:00:52Z,WLDUSDT,SHORT,RSI,0.5592,0.57892858,0.51974285,production-defaults-reconstructed,1.5,2,0.737,76,,,,11,81,CONFIRMS,BEARISH,LATE_TREND,1,NO,RSI peligroso para SHORT: 22.7,YES,sl,2026-06-23T13:14:00Z,0.03548153,1.2114407,-1,sl,-1,,CORRECT_REJECTION_LOSS_AVOIDED
64,2026-06-23T14:45:51Z,SPCXUSDT,SHORT,IMAGE,157.23,163.5600798,144.5698404,production-defaults-reconstructed,1.5,2,0.744,49,,,,15,90,CONFIRMS,BEARISH,MID_TREND,0,NO,"Imagen rechaza: El precio está en recuperación después de una caída severa, mostrando rebotes alcistas con volumen decreciente, no es momento óptimo para corto.",YES,sl,2026-06-23T16:07:00Z,0.24170311,1.00946595,-1,sl,-1,,CORRECT_REJECTION_LOSS_AVOIDED
66,2026-06-23T15:01:10Z,SNDKUSDT,SHORT,RSI,2004.69,2072.55877995,1868.9524401,production-defaults-reconstructed,1.5,2,0.835,62,,,,15,100,NEUTRAL,BEARISH,LATE_TREND,1,NO,RSI peligroso para SHORT: 23.2,YES,none,,0.77384624,0.22558237,0.39782651,horizon,0.39782651,,FALSE_NEGATIVE_PROFITABLE
68,2026-06-23T15:30:54Z,SNDKUSDT,SHORT,RSI,1989.52,2059.9788508,1848.6022984,production-defaults-reconstructed,1.5,2,0.827,46,,,,15,100,NEUTRAL,BEARISH,LATE_TREND,0,NO,RSI peligroso para SHORT: 21.9,YES,none,,0.53009664,0.43259292,0.08714306,horizon,0.08714306,,FALSE_NEGATIVE_PROFITABLE
70,2026-06-24T01:00:46Z,WLDUSDT,SHORT,AI_CONTEXT,0.5377,0.5559361,0.50122781,production-defaults-reconstructed,1.5,2,0.544,55,,,,2,72,CONFIRMS,BEARISH,LATE_TREND,1,NO,AI rechaza: RSI en sobrevendido (29.67) + señal bloqueada de inteligencia + posición ETHUSDT con PnL negativo y 5x apalancamiento = riesgo de liquidación sistémica.,YES,none,,1.73282707,0.27966513,1.04737333,horizon,1.04737333,,FALSE_NEGATIVE_PROFITABLE
72,2026-06-24T01:15:42Z,REUSDT,SHORT,AI_CONTEXT,0.7338,0.78827364,0.62485271,production-defaults-reconstructed,1.5,2,0.598,47,,,,12,77,NEUTRAL,BEARISH,LATE_TREND,1,NO,AI rechaza: RSI en 29.69 (sobrevendido extremo) genera riesgo alto de rebote mientras posición ETHUSDT está con PnL negativo en 5x apalancamiento.,YES,none,,0.68289907,0.24048327,0.08811601,horizon,0.08811601,,FALSE_NEGATIVE_PROFITABLE
74,2026-06-24T01:30:45Z,SOXLUSDT,SHORT,IMAGE,241.49,254.6681093,215.1337814,production-defaults-reconstructed,1.5,2,0.557,60,,,,2,87,CONFIRMS,BEARISH,MID_TREND,0,NO,"Chart MID_TREND + imagen rechaza: El precio está en una fase de consolidación después de una caída fuerte, sin confirmación de reversión bajista clara para un corto de alto riesgo.",YES,none,,1.06995622,0.15176684,0.24055044,horizon,0.24055044,,FALSE_NEGATIVE_PROFITABLE
76,2026-06-24T01:45:44Z,REUSDT,SHORT,AI_CONTEXT,0.736,0.79047136,0.62705728,production-defaults-reconstructed,1.5,2,0.598,47,,,,12,77,NEUTRAL,BEARISH,LATE_TREND,1,NO,"AI rechaza: RSI en sobrevendido (29.98) genera riesgo alto de rebote inmediato, combinado con señal de NO OPERAR por conflicto de inteligencia y noticia prioritaria sin confirmación de sesión.",YES,none,,0.72331589,0.4130611,0.06425395,horizon,0.06425395,,FALSE_NEGATIVE_PROFITABLE
78,2026-06-24T02:00:44Z,LABUSDT,SHORT,4H,13.867,14.70921225,12.18257551,production-defaults-reconstructed,1.5,2,0.593,31,,,81,16,86,CONTRADICTS,BEARISH,LATE_TREND,1,NO,4h contradice 1h (LONG vs SHORT) score=31 < threshold 81,YES,sl,2026-06-24T02:48:00Z,0.27190296,1.17666302,-1,sl,-1,,CORRECT_REJECTION_LOSS_AVOIDED
80,2026-06-24T02:15:41Z,WLDUSDT,SHORT,AI_CONTEXT,0.5275,0.54671946,0.48906107,production-defaults-reconstructed,1.5,2,0.593,45,,,,15,85,CONFIRMS,BEARISH,LATE_TREND,1,NO,AI rechaza: fallback,YES,none,,1.11345466,0.95736288,-0.15609177,sl,0.02744614,,CORRECT_REJECTION_LOSS_AVOIDED
82,2026-06-24T02:30:42Z,SYNUSDT,LONG,IMAGE,0.3104,0.27430669,0.38258662,production-defaults-reconstructed,1.5,2,0.604,44,,,,69,2,CONFIRMS,BEARISH,LATE_TREND,0,NO,LATE_TREND bloqueado — score=77 vol=0.99x (necesita score>=90+vol>=1.2x o score>=85+vol>=1.5x),YES,none,,0.14130042,0.71619917,-0.55079456,horizon,-0.55079456,,CORRECT_REJECTION_LOSS_AVOIDED
84,2026-06-24T03:00:42Z,SKHYNIXUSDT,SHORT,IMAGE,1623.14,1692.0909872,1485.2380256,production-defaults-reconstructed,1.5,2,0.665,77,,,,15,95,NEUTRAL,BEARISH,MID_TREND,0,NO,"Imagen rechaza: El precio está en recuperación después de una caída fuerte, mostrando rebote en zona de soporte sin confirmación de reversión bajista clara.",YES,sl,2026-06-24T05:11:00Z,0.23901036,1.05669263,-1,sl,-1,,CORRECT_REJECTION_LOSS_AVOIDED
86,2026-06-24T03:15:42Z,HYPEUSDT,SHORT,AI_CONTEXT,60.698,62.11104944,57.87190112,production-defaults-reconstructed,1.5,2,0.642,32,,,,0,72,CONFIRMS,BEARISH,LATE_TREND,1,NO,AI rechaza: fallback,YES,sl,2026-06-24T05:24:00Z,0.18399922,1.01058035,-1,sl,-1,,CORRECT_REJECTION_LOSS_AVOIDED
88,2026-06-24T03:45:42Z,SOXLUSDT,SHORT,IMAGE,233.36,246.9170492,206.2459016,production-defaults-reconstructed,1.5,2,0.531,77,,,,0,82,CONFIRMS,BEARISH,EARLY_TREND,0,NO,"Chart EARLY_TREND + imagen rechaza: El precio está en una fase de recuperación temprana después de una caída fuerte, mostrando rebotes alcistas con volumen decreciente, no hay señales claras de reversión bajista.",YES,none,,0.36217321,0.6520593,-0.38503954,horizon,-0.38503954,,CORRECT_REJECTION_LOSS_AVOIDED
90,2026-06-24T04:00:41Z,WLDUSDT,SHORT,RSI,0.5175,0.53570306,0.48109387,production-defaults-reconstructed,1.5,2,0.731,83,,,,11,81,CONFIRMS,BEARISH,LATE_TREND,1,NO,RSI peligroso para SHORT: 23.0,YES,sl,2026-06-24T05:27:00Z,0.62626824,1.38987602,-1,sl,-1,,CORRECT_REJECTION_LOSS_AVOIDED
92,2026-06-24T04:15:41Z,WLDUSDT,SHORT,RSI,0.5174,0.53599536,0.48020929,production-defaults-reconstructed,1.5,2,0.729,64,,,,11,81,CONFIRMS,BEARISH,LATE_TREND,1,NO,RSI peligroso para SHORT: 23.0,YES,sl,2026-06-24T05:27:00Z,0.60767861,1.36593244,-1,sl,-1,,CORRECT_REJECTION_LOSS_AVOIDED
94,2026-06-24T04:30:46Z,HYPEUSDT,SHORT,AI_CONTEXT,61.005,62.42794163,58.15911675,production-defaults-reconstructed,1.5,2,0.768,73,,,,10,90,CONFIRMS,BEARISH,LATE_TREND,1,NO,AI rechaza: Señal de inteligencia bloqueada + RSI en sobrevendido (30.05) generan riesgo de rebote violento que invalida el setup.,YES,sl,2026-06-24T05:38:00Z,0.08081849,1.01269088,-1,sl,-1,,CORRECT_REJECTION_LOSS_AVOIDED
96,2026-06-24T04:45:44Z,SKHYNIXUSDT,SHORT,AI_CONTEXT,1638.9,1711.4950755,1493.709849,production-defaults-reconstructed,1.5,2,0.655,65,,,,15,95,NEUTRAL,BEARISH,LATE_TREND,1,NO,AI rechaza: Señal de inteligencia bloqueada + noticia crítica de Bitcoin por debajo de $60K generan conflicto fundamental que invalida la operación.,YES,sl,2026-06-24T05:18:00Z,0.02947858,1.00791961,-1,sl,-1,,CORRECT_REJECTION_LOSS_AVOIDED
98,2026-06-24T05:00:41Z,SOXLUSDT,SHORT,IMAGE,236.79,249.4558971,211.4582058,production-defaults-reconstructed,1.5,2,0.588,81,,,,0,82,CONFIRMS,BEARISH,EARLY_TREND,0,NO,"Chart EARLY_TREND + imagen rechaza: El precio está recuperándose desde mínimos recientes con señales de compra, no es momento óptimo para vender en corto.",YES,none,,0.06631982,0.64424967,-0.39712939,horizon,-0.39712939,,CORRECT_REJECTION_LOSS_AVOIDED
100,2026-06-24T05:15:41Z,WLDUSDT,SHORT,AI_CONTEXT,0.5297,0.54937306,0.49035388,production-defaults-reconstructed,1.5,2,0.562,50,,,,11,86,CONFIRMS,BEARISH,LATE_TREND,1,NO,AI rechaza: fallback,YES,none,,0.55914032,0.8234612,-0.06608022,horizon,-0.06608022,,CORRECT_REJECTION_LOSS_AVOIDED
102,2026-06-24T08:45:42Z,SPCXUSDT,SHORT,IMAGE,158.42,162.6165458,150.0269084,production-defaults-reconstructed,1.5,2,0.748,40,,,,7,62,CONFIRMS,BEARISH,MID_TREND,0,NO,"Chart MID_TREND + imagen rechaza: El precio está en recuperación después de una caída significativa, mostrando rebotes alcistas con volumen moderado que sugieren resistencia a la baja.",YES,none,,1.24149723,0,1.17000987,horizon,1.17000987,,FALSE_NEGATIVE_PROFITABLE
104,2026-06-24T09:00:43Z,LABUSDT,LONG,IMAGE,16.472,15.35445716,18.70708568,production-defaults-reconstructed,1.5,2,0.671,55,,,,100,10,CONFIRMS,BEARISH,LATE_TREND,0,NO,"Imagen rechaza: El precio ha caído un 3.36% en la última hora y muestra debilidad después de rechazos en niveles de resistencia, con volumen decreciente indicando falta de presión compradora.",YES,none,,0.50020454,0.43935676,0.38656236,horizon,0.38656236,,FALSE_NEGATIVE_PROFITABLE
106,2026-06-24T09:15:42Z,REUSDT,SHORT,AI_CONTEXT,0.722,0.76611059,0.63377882,production-defaults-reconstructed,1.5,2,0.488,47,,,,7,77,NEUTRAL,BEARISH,LATE_TREND,1,NO,AI rechaza: RSI extremadamente sobrevendido (31.65) genera riesgo alto de rebote; señal de inteligencia bloqueada + presión en ETHUSDT con 5x leverage activo crean conflicto crítico.,YES,none,,0.39899716,0.48514427,0.20176561,horizon,0.20176561,,FALSE_NEGATIVE_PROFITABLE
108,2026-06-24T09:45:42Z,WLDUSDT,SHORT,AI_CONTEXT,0.5277,0.54854151,0.48601698,production-defaults-reconstructed,1.5,2,0.474,60,,,,0,77,CONFIRMS,BEARISH,LATE_TREND,1,NO,AI rechaza: Señal bloqueada por inteligencia + posición ETHUSDT en rojo con 5x apalancamiento genera conflicto de capital y presión psicológica.,YES,sl,2026-06-24T12:29:00Z,0.21591524,1.05078751,-1,sl,-1,,CORRECT_REJECTION_LOSS_AVOIDED
110,2026-06-24T10:00:41Z,SKHYNIXUSDT,SHORT,RANGING,1734.15,1798.452282,1605.545436,production-defaults-reconstructed,1.5,2,0.499,37,,,,7,67,NEUTRAL,BEARISH,LATE_TREND,1,NO,Ranging + score bajo (37),YES,none,,1.08565354,0.18864027,0.73014516,horizon,0.73014516,,FALSE_NEGATIVE_PROFITABLE
112,2026-06-24T10:15:42Z,BEATUSDT,LONG,IMAGE,2.198,1.95900047,2.67599906,production-defaults-reconstructed,1.5,2,0.579,4,,,,54,2,NEUTRAL,BEARISH,LATE_TREND,0,NO,LATE_TREND bloqueado — score=49 vol=1.14x (necesita score>=90+vol>=1.2x o score>=85+vol>=1.5x),YES,sl,2026-06-24T11:48:00Z,0.20460291,1.09205236,-1,sl,-1,,CORRECT_REJECTION_LOSS_AVOIDED
114,2026-06-24T10:30:41Z,LABUSDT,LONG,IMAGE,16.595,15.43177347,18.92145305,production-defaults-reconstructed,1.5,2,0.515,55,,,,92,2,CONFIRMS,BEARISH,LATE_TREND,0,NO,LATE_TREND bloqueado — score=100 vol=0.97x (necesita score>=90+vol>=1.2x o score>=85+vol>=1.5x),YES,none,,1.03591173,0.41866308,0.98261171,horizon,0.98261171,,FALSE_NEGATIVE_PROFITABLE
116,2026-06-24T10:45:42Z,REUSDT,SHORT,SCORE,0.7204,0.76305128,0.63509744,production-defaults-reconstructed,1.5,2,0.458,66,,,69,7,77,NEUTRAL,BEARISH,LATE_TREND,1,NO,Score insuficiente: 66 < threshold dinámico 69 (macro=BEARISH 4h=NEUTRAL intel=SHORT pos=2),YES,none,,1.65059517,0.53925694,1.11133822,horizon,1.11133822,,FALSE_NEGATIVE_PROFITABLE
118,2026-06-24T12:00:49Z,SPCXUSDT,SHORT,IMAGE,155.45,159.1108475,148.128305,production-defaults-reconstructed,1.5,2,0.497,91,,,,10,95,CONFIRMS,BEARISH,MID_TREND,0,NO,"Imagen rechaza: El precio está en consolidación lateral sin confirmación clara de reversión bajista, faltaría una ruptura por debajo del soporte en 155 para una entrada corta confiable.",YES,sl,2026-06-24T15:18:00Z,1.27292929,1.18278623,-1,sl,0.04246285,,CORRECT_REJECTION_LOSS_AVOIDED
120,2026-06-24T12:45:42Z,LABUSDT,LONG,IMAGE,16.806,15.62747925,19.1630415,production-defaults-reconstructed,1.5,2,0.562,41,,,,100,15,CONFIRMS,BEARISH,LATE_TREND,0,NO,"Imagen rechaza: El precio está en una fase de corrección después de un rally fuerte, con resistencia clara en 16.794 y señales de debilidad en el volumen.",YES,tp,2026-06-24T15:59:00Z,2.02711747,0.17140131,2,tp,2,,FALSE_NEGATIVE_PROFITABLE
122,2026-06-24T13:30:41Z,SPCXUSDT,SHORT,IMAGE,154.34,158.3497532,146.3204936,production-defaults-reconstructed,1.5,2,0.648,75,,,,15,100,CONFIRMS,BEARISH,MID_TREND,0,NO,"Imagen rechaza: El precio está en zona de soporte con recuperación de compra reciente, sin confirmación clara de reversión bajista.",YES,sl,2026-06-24T14:25:00Z,0.88534127,1.01253115,-1,sl,-1,,CORRECT_REJECTION_LOSS_AVOIDED
124,2026-06-24T15:00:43Z,SNDKUSDT,SHORT,IMAGE,1954.35,2009.78513775,1843.4797245,production-defaults-reconstructed,1.5,2,0.642,65,,,,15,100,CONFIRMS,BEARISH,EARLY_TREND,0,NO,"Imagen rechaza: El precio está en una fase de recuperación temprana después de una caída fuerte, con señales de rebote alcista que desaconsejan una posición corta en este momento.",YES,none,,1.5636292,0,1.34896391,horizon,1.34896391,,FALSE_NEGATIVE_PROFITABLE
126,2026-06-24T17:00:43Z,BTCUSDT,SHORT,RSI,59768.2,60532.037596,58240.524808,production-defaults-reconstructed,1.5,2,0.979,61,,,,15,85,CONFIRMS,BEARISH,LATE_TREND,0,NO,RSI peligroso para SHORT: 19.6,YES,sl,2026-06-24T20:06:00Z,0.92716044,1.24398171,-1,sl,-1,,CORRECT_REJECTION_LOSS_AVOIDED
128,2026-06-24T17:15:43Z,DOGEUSDT,SHORT,RSI,0.0742,0.07554673,0.07150654,production-defaults-reconstructed,1.5,2,0.75,49,,,,15,85,CONFIRMS,BEARISH,LATE_TREND,1,NO,RSI peligroso para SHORT: 16.3,YES,sl,2026-06-24T20:32:00Z,1.06925664,1.01727889,-1,sl,0.05509642,,CORRECT_REJECTION_LOSS_AVOIDED
130,2026-06-24T17:30:45Z,SOLUSDT,SHORT,RSI,65.59,66.9359068,62.8981864,production-defaults-reconstructed,1.5,2,0.892,73,,,,15,90,CONFIRMS,BEARISH,LATE_TREND,1,NO,RSI peligroso para SHORT: 20.4,YES,sl,2026-06-24T20:01:00Z,0.69098395,1.00304122,-1,sl,-1,,CORRECT_REJECTION_LOSS_AVOIDED
132,2026-06-24T17:45:42Z,ETHUSDT,SHORT,RSI,1567.67,1596.7816319,1509.4467362,production-defaults-reconstructed,1.5,2,1.044,45,,,,15,85,CONFIRMS,BEARISH,LATE_TREND,1,NO,RSI peligroso para SHORT: 17.5,YES,sl,2026-06-24T20:01:00Z,0.57262334,1.02570684,-1,sl,-1,,CORRECT_REJECTION_LOSS_AVOIDED
134,2026-06-24T18:00:47Z,ETHUSDT,SHORT,RSI,1562.64,1591.2597516,1505.4004968,production-defaults-reconstructed,1.5,2,1.102,45,,,,15,85,CONFIRMS,BEARISH,LATE_TREND,1,NO,RSI peligroso para SHORT: 18.5,YES,sl,2026-06-24T20:01:00Z,0.25436978,1.21908815,-1,sl,-1,,CORRECT_REJECTION_LOSS_AVOIDED
136,2026-06-24T18:15:41Z,ZECUSDT,SHORT,AI_CONTEXT,397.1,409.9481705,371.403659,production-defaults-reconstructed,1.5,2,0.753,56,,,,15,95,CONFIRMS,BEARISH,LATE_TREND,1,NO,AI rechaza: fallback,YES,sl,2026-06-24T18:26:00Z,0.04514261,1.0375018,-1,sl,-1,,CORRECT_REJECTION_LOSS_AVOIDED
137,2026-06-24T18:15:42Z,ZECUSDT,SHORT,AI_CONTEXT,397.1,409.9481705,371.403659,production-defaults-reconstructed,1.5,2,0.753,56,,,,15,95,CONFIRMS,BEARISH,LATE_TREND,1,NO,AI rechaza: fallback,YES,sl,2026-06-24T18:26:00Z,0.04514261,1.0375018,-1,sl,-1,,CORRECT_REJECTION_LOSS_AVOIDED
138,2026-06-24T18:45:41Z,ADAUSDT,SHORT,AI_CONTEXT,0.142,0.14527168,0.13545664,production-defaults-reconstructed,1.5,2,0.723,50,,,,20,90,CONFIRMS,BEARISH,LATE_TREND,1,NO,AI rechaza: fallback,YES,sl,2026-06-24T20:49:00Z,0.64187207,1.03922144,-1,sl,-1,,CORRECT_REJECTION_LOSS_AVOIDED
140,2026-06-24T19:00:44Z,MUUSDT,SHORT,IMAGE,1013.95,1049.34192475,943.1661505,production-defaults-reconstructed,1.5,2,0.714,91,,,,6,96,CONFIRMS,BEARISH,MID_TREND,0,NO,Imagen rechaza: El precio está en consolidación lateral sin confirmación clara de debilidad; falta momentum descendente y volumen para un short confiable.,YES,sl,2026-06-24T19:59:00Z,0.56707851,1.05306508,-1,sl,-1,,CORRECT_REJECTION_LOSS_AVOIDED
142,2026-06-24T20:15:43Z,MUUSDT,SHORT,IMAGE,1146.94,1199.0512189,1042.7175622,production-defaults-reconstructed,1.5,2,0.626,25,,,,50,70,NEUTRAL,BEARISH,MID_TREND,0,NO,"Chart MID_TREND + imagen rechaza: El precio está recuperándose desde mínimos recientes con volumen creciente, mostrando presión compradora que no favorece posiciones cortas en este momento.",YES,sl,2026-06-24T20:40:00Z,0.24294193,1.07347326,-1,sl,-1,,CORRECT_REJECTION_LOSS_AVOIDED
144,2026-06-24T20:30:43Z,SOLUSDT,SHORT,IMAGE,67.42,68.9622325,64.335535,production-defaults-reconstructed,1.5,2,0.758,50,,,,2,82,CONFIRMS,BEARISH,EARLY_TREND,0,NO,"Chart EARLY_TREND + imagen rechaza: El precio está en recuperación con vela verde fuerte y volumen creciente, no hay confirmación de reversión para operar en corto.",YES,none,,0.16858677,0.70028352,-0.28530069,horizon,-0.28530069,,CORRECT_REJECTION_LOSS_AVOIDED
146,2026-06-24T20:45:25Z,BTCUSDT,SHORT,SCORE,60848.7,61759.605039,59026.889922,production-defaults-reconstructed,1.5,2,0.75,63,,,66,0,77,CONFIRMS,BEARISH,,0,NO,Score insuficiente: 63 < threshold 66 (faltan 3 pts) — macro=BEARISH 4h=CONFIRMS intel=NO OPERAR pos=1,YES,none,,0.23668768,0.44713772,0.05840345,horizon,0.05840345,,FALSE_NEGATIVE_PROFITABLE
148,2026-06-24T21:15:45Z,SKHYNIXUSDT,LONG,IMAGE,1842.27,1769.67535065,1987.4592987,production-defaults-reconstructed,1.5,2,0.758,25,,,,75,15,NEUTRAL,BEARISH,LATE_TREND,0,NO,LATE_TREND bloqueado — score=70 vol=2.56x (necesita score>=90+vol>=1.2x o score>=85+vol>=1.5x),YES,none,,0.62993623,0.60982456,-0.49604207,horizon,-0.49604207,,CORRECT_REJECTION_LOSS_AVOIDED
150,2026-06-24T21:30:46Z,MUUSDT,LONG,VOLUME,1194.68,1136.0092652,1312.0214696,production-defaults-reconstructed,1.5,2,0.863,15,,,,65,25,NEUTRAL,BEARISH,LATE_TREND,0,NO,Vol spike extremo (5.6x),YES,none,,0.56467675,0.30526292,0.00971524,horizon,0.00971524,,FALSE_NEGATIVE_PROFITABLE
152,2026-06-24T21:45:44Z,SOLUSDT,SHORT,IMAGE,67.78,69.3264007,64.6871986,production-defaults-reconstructed,1.5,2,0.74,56,,,,6,76,CONFIRMS,BEARISH,EARLY_TREND,0,NO,"Chart EARLY_TREND + imagen rechaza: El precio está en recuperación después de una caída, mostrando señales de compra con velas verdes y volumen creciente, no hay confirmación clara para un SHORT.",YES,none,,0.27159843,0.46559731,0.03233315,horizon,0.03233315,,FALSE_NEGATIVE_PROFITABLE
154,2026-06-24T22:00:25Z,BTCUSDT,SHORT,SCORE,61149.9,62020.3688265,59408.962347,production-defaults-reconstructed,1.5,2,0.753,65,,,66,0,67,CONFIRMS,BEARISH,,0,NO,Score insuficiente: 65 < threshold 66 (faltan 1 pts) — macro=BEARISH 4h=CONFIRMS intel=NO OPERAR pos=1,YES,none,,0.55590733,0.10706874,0.32970738,horizon,0.32970738,,FALSE_NEGATIVE_PROFITABLE
156,2026-06-24T22:15:46Z,EWYUSDT,LONG,4H,212.56,206.645518,224.388964,production-defaults-reconstructed,1.5,2,0.768,10,,,81,75,15,CONTRADICTS,BEARISH,EARLY_TREND,1,NO,4h contradice 1h (SHORT vs LONG) score=10 < threshold 81,YES,sl,2026-06-25T00:41:00Z,0.2569963,1.02460368,-1,sl,-1,,CORRECT_REJECTION_LOSS_AVOIDED
158,2026-06-24T22:30:44Z,SKHYNIXUSDT,LONG,IMAGE,1864.49,1793.08935545,2007.2912891,production-defaults-reconstructed,1.5,2,0.819,17,,,,67,2,NEUTRAL,BEARISH,LATE_TREND,0,NO,LATE_TREND bloqueado — score=62 vol=0.95x (necesita score>=90+vol>=1.2x o score>=85+vol>=1.5x),YES,sl,2026-06-25T01:17:00Z,0.32926874,1.02267984,-1,sl,-1,,CORRECT_REJECTION_LOSS_AVOIDED
160,2026-06-24T22:45:46Z,MUUSDT,LONG,IMAGE,1203.71,1146.49164515,1318.1467097,production-defaults-reconstructed,1.5,2,0.874,11,,,,61,16,NEUTRAL,BEARISH,LATE_TREND,0,NO,LATE_TREND bloqueado — score=56 vol=1.47x (necesita score>=90+vol>=1.2x o score>=85+vol>=1.5x),YES,none,,0.42119351,0.37016094,0.01101045,horizon,0.01101045,,FALSE_NEGATIVE_PROFITABLE
162,2026-06-25T00:45:45Z,MUUSDT,LONG,MACRO,1189.8,1133.867502,1301.664996,production-defaults-reconstructed,1.5,2,0.533,0,,,,77,2,CONFIRMS,BEARISH,LATE_TREND,0,NO,"Macro bloquea LONG — El mercado está en pánico extremo con BTC y ETH en caída, estructura bajista confirmada en 4h, pero la baja confianza de la IA sugiere esperar confirmación adicional antes de operar shorts agresivos.",YES,none,,0.65364504,0.1299781,0.65364504,horizon,0.65364504,,FALSE_NEGATIVE_PROFITABLE
164,2026-06-25T01:00:43Z,SKHYNIXUSDT,LONG,MACRO,1815.57,1745.0351055,1956.639789,production-defaults-reconstructed,1.5,2,0.707,0,,,,70,25,NEUTRAL,BEARISH,MID_TREND,1,NO,"Macro bloquea LONG — Mercado en pánico extremo (Fear & Greed 12/100) con momentum bajista confirmado en BTC y ETH, pero la señal de inteligencia recomienda NO OPERAR por baja confianza, sugiriendo esperar mayor claridad antes de tomar posiciones cortas agresivas.",YES,none,,1.25937666,0.44389377,1.11760286,horizon,1.11760286,,FALSE_NEGATIVE_PROFITABLE
166,2026-06-25T01:15:43Z,MUUSDT,LONG,MACRO,1196.14,1143.0134419,1302.3931162,production-defaults-reconstructed,1.5,2,0.61,0,,,,82,7,CONFIRMS,BEARISH,EARLY_TREND,1,NO,"Macro bloquea LONG — El mercado está en pánico extremo con tendencia bajista confirmada en múltiples timeframes, pero la baja confianza de la señal sugiere esperar confirmación adicional antes de operaciones agresivas.",YES,none,,0.91969067,0.10145585,0.82990507,horizon,0.82990507,,FALSE_NEGATIVE_PROFITABLE
168,2026-06-25T01:45:47Z,REUSDT,SHORT,AI_CONTEXT,0.6284,0.66737651,0.55044698,production-defaults-reconstructed,1.5,2,0.583,54,,,,7,72,NEUTRAL,BEARISH,LATE_TREND,1,NO,AI rechaza: RSI en sobrevendido (28.02) genera riesgo alto de rebote inmediato que liquidaría posición corta con leverage.,YES,none,,0.94928971,0.01282824,0.6003616,horizon,0.6003616,,FALSE_NEGATIVE_PROFITABLE
170,2026-06-25T02:00:44Z,SKHYNIXUSDT,LONG,MACRO,1829.15,1758.66370475,1970.1225905,production-defaults-reconstructed,1.5,2,0.576,0,,,,95,25,NEUTRAL,BEARISH,LATE_TREND,0,NO,"Macro bloquea LONG — El mercado está en pánico extremo con tendencia bajista confirmada en Bitcoin y Ethereum, pero la baja confianza de la señal y la volatilidad sugieren esperar confirmaciones antes de operar con posiciones significativas.",YES,none,,1.53419895,0.18656109,1.26336616,horizon,1.26336616,,FALSE_NEGATIVE_PROFITABLE
172,2026-06-25T02:15:44Z,AAVEUSDT,LONG,MACRO,81.07,78.05054785,87.1089043,production-defaults-reconstructed,1.5,2,0.57,0,,,,77,0,CONFIRMS,BEARISH,MID_TREND,1,NO,"Macro bloquea LONG — El miedo extremo del mercado combinado con caídas significativas en BTC y ETH y tendencia bajista en 4h crea un entorno bajista, pero la baja confianza de la señal y el tamaño reducido sugieren esperar confirmaciones adicionales antes de operar agresivamente.",YES,none,,1.34130292,0,0.65905996,horizon,0.65905996,,FALSE_NEGATIVE_PROFITABLE
174,2026-06-25T02:30:44Z,SKHYNIXUSDT,LONG,MACRO,1830.36,1757.5757346,1975.9285308,production-defaults-reconstructed,1.5,2,0.571,0,,,,95,25,NEUTRAL,BEARISH,LATE_TREND,0,NO,"Macro bloquea LONG — El miedo extremo del mercado (12/100), caídas significativas de BTC (-4.93%) y ETH (-6.28%), y la tendencia bajista de 4h crean condiciones bearish, pero la baja confianza de la señal (confianza baja) sugiere operar con posiciones reducidas y máxima cautela.",YES,none,,1.46913621,0.0269289,0.78931895,horizon,0.78931895,,FALSE_NEGATIVE_PROFITABLE
176,2026-06-25T07:15:45Z,MUUSDT,LONG,MACRO,1240.7,1197.5422505,1327.015499,production-defaults-reconstructed,1.5,2,0.744,0,,,,65,2,CONFIRMS,BEARISH,MID_TREND,1,NO,"Macro bloquea LONG — El mercado está en pánico extremo (Fear & Greed 12/100) con Bitcoin y Ethereum en caída, confirmado por tendencia bajista en 4h y EMA cruzada negativa, lo que valida shorts con tamaño reducido hasta recuperar confianza.",YES,none,,0.16196396,0.66500224,0.0572319,horizon,0.0572319,,FALSE_NEGATIVE_PROFITABLE
178,2026-06-25T07:30:50Z,SLXUSDT,LONG,AI_CONTEXT,0.3583,0.32475237,0.42539526,production-defaults-reconstructed,1.5,2,0.688,30,,,,65,5,CONFIRMS,BEARISH,MID_TREND,1,NO,"AI rechaza: Conflicto crítico: setup LONG con macro BEARISH, RSI sobrecomprado (68.91), noticia de urgencia inmediata (BTC -1.71%, ETF outflows) y señal de inteligencia SHORT con alta confianza reducen score a 57 pts, por debajo del threshold de 71.",YES,sl,2026-06-25T10:23:00Z,0.63014885,1.0871111,-1,sl,-1,,CORRECT_REJECTION_LOSS_AVOIDED
180,2026-06-25T08:45:48Z,SYNUSDT,LONG,AI_CONTEXT,0.3514,0.31530946,0.42358107,production-defaults-reconstructed,1.5,2,0.691,37,,,73,68,8,CONFIRMS,BEARISH,MID_TREND,1,NO,"AI rechaza: Conflicto crítico: setup LONG con score 76 pero macro BEARISH con noticia urgente de BTC bajo $60k genera signal SHORT de alta confianza (-12pts ajuste = score final 64, bajo threshold 73).",YES,tp,2026-06-25T12:11:00Z,2.09445484,0.11388027,2,tp,2,,FALSE_NEGATIVE_PROFITABLE
182,2026-06-25T09:00:47Z,REUSDT,SHORT,RSI,0.5829,0.61597666,0.51674668,production-defaults-reconstructed,1.5,2,0.696,74,,,,16,81,NEUTRAL,BEARISH,LATE_TREND,1,NO,RSI peligroso para SHORT: 22.5,YES,none,,0.74675011,0.2539555,0.4051195,horizon,0.4051195,,FALSE_NEGATIVE_PROFITABLE
184,2026-06-25T09:15:44Z,SNDKUSDT,LONG,MACRO,2166.13,2106.31232005,2285.7653599,production-defaults-reconstructed,1.5,2,0.613,0,,,,77,2,CONTRADICTS,BEARISH,MID_TREND,1,NO,"Macro bloquea LONG — El mercado está en pánico extremo con tendencia bajista confirmada, pero la señal de IA recomienda NO operar por baja confianza, así que solo shorts de bajo riesgo (0.6x) si se ejecutan.",YES,none,,1.31466149,0.05182414,0.76683014,horizon,0.76683014,,FALSE_NEGATIVE_PROFITABLE
186,2026-06-25T09:30:47Z,REUSDT,SHORT,RSI,0.5837,0.61790774,0.51528452,production-defaults-reconstructed,1.5,2,0.698,41,,,,16,81,NEUTRAL,BEARISH,LATE_TREND,1,NO,RSI peligroso para SHORT: 23.0,YES,none,,0.74544536,0.22217195,-0.0380031,horizon,-0.0380031,,CORRECT_REJECTION_LOSS_AVOIDED
188,2026-06-25T09:45:47Z,REUSDT,SHORT,RSI,0.5814,0.61561248,0.51297503,production-defaults-reconstructed,1.5,2,0.699,46,,,,16,81,NEUTRAL,BEARISH,LATE_TREND,1,NO,RSI peligroso para SHORT: 22.3,YES,none,,0.67811506,0.28936806,0.16952877,horizon,0.16952877,,FALSE_NEGATIVE_PROFITABLE
190,2026-06-25T10:00:45Z,SNDKUSDT,LONG,MACRO,2178.8,2120.724086,2294.951828,production-defaults-reconstructed,1.5,2,0.672,0,,,,77,2,CONTRADICTS,BEARISH,MID_TREND,1,NO,"Macro bloquea LONG — Extremo miedo en el mercado (12/100) con BTC y ETH en rojo y tendencia bajista confirmada, pero la señal de inteligencia recomienda no operar por baja confianza, sugiriendo esperar mayor claridad antes de tomar posiciones.",YES,sl,2026-06-25T13:55:00Z,1.94917294,1.02968676,-1,sl,0.5,,CORRECT_REJECTION_LOSS_AVOIDED
192,2026-06-25T10:15:47Z,REUSDT,SHORT,RSI,0.5835,0.61724089,0.51601823,production-defaults-reconstructed,1.5,2,0.702,42,,,,12,77,NEUTRAL,BEARISH,LATE_TREND,1,NO,RSI peligroso para SHORT: 23.5,YES,none,,1.21810667,0.23117353,0.82985369,horizon,0.82985369,,FALSE_NEGATIVE_PROFITABLE
194,2026-06-25T10:30:44Z,SNDKUSDT,LONG,MACRO,2200.53,2139.30025275,2322.9894945,production-defaults-reconstructed,1.5,2,0.736,0,,,,77,2,CONTRADICTS,BEARISH,MID_TREND,1,NO,"Macro bloquea LONG — El mercado está en pánico extremo (Fear & Greed 12) con tendencia bajista confirmada en BTC/ETH, pero la baja confianza de la IA sugiere esperar confirmación adicional antes de operar con posiciones completas.",YES,sl,2026-06-25T13:54:00Z,1.49388172,1.09162626,-1,sl,0.0359389,,CORRECT_REJECTION_LOSS_AVOIDED
196,2026-06-25T10:45:47Z,REUSDT,SHORT,RSI,0.5847,0.61844011,0.51721977,production-defaults-reconstructed,1.5,2,0.705,47,,,,12,77,NEUTRAL,BEARISH,LATE_TREND,1,NO,RSI peligroso para SHORT: 24.2,YES,none,,1.25370058,0.19561286,0.60758539,horizon,0.60758539,,FALSE_NEGATIVE_PROFITABLE
198,2026-06-25T11:00:44Z,SNDKUSDT,LONG,MACRO,2205.89,2148.01847585,2321.6330483,production-defaults-reconstructed,1.5,2,0.732,0,,,,77,2,CONTRADICTS,BEARISH,MID_TREND,1,NO,"Macro bloquea LONG — El mercado está en pánico extremo con momentum bajista confirmado en BTC/ETH, pero la baja confianza de la señal de inteligencia sugiere esperar mejor entrada antes de operar shorts con posición reducida.",YES,sl,2026-06-25T13:54:00Z,1.48795113,1.24759113,-1,sl,0.03811702,,CORRECT_REJECTION_LOSS_AVOIDED
200,2026-06-25T11:15:47Z,MUUSDT,LONG,RANGING,1242.58,1202.5254337,1322.6891326,production-defaults-reconstructed,1.5,2,0.638,50,,,,77,0,CONFIRMS,BEARISH,MID_TREND,1,NO,Ranging + score bajo (50),YES,sl,2026-06-25T13:46:00Z,0.32106202,1.21684004,-1,sl,-1,,CORRECT_REJECTION_LOSS_AVOIDED
202,2026-06-25T11:30:49Z,REUSDT,SHORT,RSI,0.5795,0.6124098,0.51368039,production-defaults-reconstructed,1.5,2,0.709,50,,,,20,85,NEUTRAL,BEARISH,LATE_TREND,1,NO,RSI peligroso para SHORT: 23.9,YES,none,,1.1273236,0.30386081,0.62291466,horizon,0.62291466,,FALSE_NEGATIVE_PROFITABLE
204,2026-06-25T11:45:51Z,REUSDT,SHORT,RSI,0.581,0.61390784,0.51518432,production-defaults-reconstructed,1.5,2,0.702,45,,,,20,85,NEUTRAL,BEARISH,LATE_TREND,1,NO,RSI peligroso para SHORT: 24.1,YES,none,,1.17297276,0.25829711,0.1458619,horizon,0.1458619,,FALSE_NEGATIVE_PROFITABLE
206,2026-06-25T12:00:45Z,SNDKUSDT,LONG,MACRO,2213.11,2157.24003805,2324.8499239,production-defaults-reconstructed,1.5,2,0.833,0,,,,70,7,NEUTRAL,BEARISH,MID_TREND,1,NO,"Macro bloquea LONG — El miedo extremo (12/100) y la tendencia bajista en BTC/ETH sugieren presión vendedora, pero la baja confianza de la IA y el sesgo contradictorio aconsejan abstenerse o operar shorts con posición reducida (0.6x).",YES,sl,2026-06-25T13:53:00Z,1.41202888,1.15697233,-1,sl,0.0396118,,CORRECT_REJECTION_LOSS_AVOIDED
208,2026-06-25T12:30:46Z,SNDKUSDT,LONG,MACRO,2212.71,2154.8255064,2328.4789872,production-defaults-reconstructed,1.5,2,0.83,0,,,,70,7,NEUTRAL,BEARISH,MID_TREND,1,NO,"Macro bloquea LONG — El mercado está en pánico extremo (Fear & Greed 12/100) con Bitcoin y Ethereum en caída, tendencia bajista en 4h y sesgo bearish confirmado, pero la baja confianza de la IA sugiere esperar confirmación adicional antes de operar con posiciones grandes.",YES,sl,2026-06-25T13:53:00Z,1.3697969,1.10979635,-1,sl,0.0382263,,CORRECT_REJECTION_LOSS_AVOIDED
210,2026-06-25T12:45:45Z,MUUSDT,LONG,MACRO,1235.96,1196.3969204,1315.0861592,production-defaults-reconstructed,1.5,2,0.73,0,,,,77,0,CONFIRMS,BEARISH,MID_TREND,1,NO,"Macro bloquea LONG — Miedo extremo (12/100) y tendencia bajista en BTC con EMA8<EMA21 sugieren presión vendedora, pero la baja confianza de la IA desaconseja operar con posiciones de tamaño completo.",YES,sl,2026-06-25T13:46:00Z,0.49237825,1.06462895,-1,sl,-1,,CORRECT_REJECTION_LOSS_AVOIDED
212,2026-06-25T13:00:45Z,SOXLUSDT,LONG,MACRO,269.44,259.4249152,289.4701696,production-defaults-reconstructed,1.5,2,0.663,0,,,,82,7,CONTRADICTS,BEARISH,MID_TREND,1,NO,"Macro bloquea LONG — El mercado está en pánico extremo (Fear & Greed 12/100) con BTC en tendencia bajista confirmada, pero la baja confianza de la IA sugiere esperar confirmaciones adicionales antes de operar con posiciones grandes.",YES,sl,2026-06-25T13:41:00Z,0,1.4158642,-1,sl,-1,,CORRECT_REJECTION_LOSS_AVOIDED
214,2026-06-25T13:15:46Z,MUUSDT,LONG,MACRO,1232.19,1193.35753215,1309.8549357,production-defaults-reconstructed,1.5,2,0.706,0,,,,77,0,CONFIRMS,BEARISH,MID_TREND,1,NO,"Macro bloquea LONG — El mercado está en pánico extremo con tendencia bajista confirmada en 4h y señales técnicas alineadas al SHORT, presentando una oportunidad de corto con reducción de riesgo por volatilidad.",YES,sl,2026-06-25T13:47:00Z,0.59872579,1.13436005,-1,sl,-1,,CORRECT_REJECTION_LOSS_AVOIDED
216,2026-06-25T13:30:46Z,SNDKUSDT,LONG,MACRO,2248.62,2188.1433651,2369.5732698,production-defaults-reconstructed,1.5,2,0.852,0,,,,70,7,NEUTRAL,BEARISH,EARLY_TREND,0,NO,"Macro bloquea LONG — El miedo extremo en el mercado (12/100), caídas en BTC y ETH con tendencia bajista en 4h y EMA cruzada negativa, generan un entorno óptimo para cortos con tamaño reducido como gestión de riesgo.",YES,sl,2026-06-25T13:48:00Z,0.71730182,1.08504714,-1,sl,-1,,CORRECT_REJECTION_LOSS_AVOIDED
218,2026-06-25T15:15:49Z,ETHUSDT,SHORT,VOLUME,1552.02,1589.6409648,1476.7780704,production-defaults-reconstructed,1.5,2,1.014,91,,,,15,95,CONFIRMS,BEARISH,MID_TREND,0,NO,Vol spike extremo (4.4x),YES,none,,0.2158371,0.92980072,-0.18580066,horizon,-0.18580066,,CORRECT_REJECTION_LOSS_AVOIDED
220,2026-06-25T15:45:49Z,SPCXUSDT,SHORT,IMAGE,152.14,156.5627098,143.2945804,production-defaults-reconstructed,1.5,2,0.741,91,,,,15,100,CONFIRMS,BEARISH,MID_TREND,0,NO,"Imagen rechaza: El precio está en zona de soporte con reversión alcista incipiente, falta confirmación bajista para un SHORT confiable.",YES,none,,0.38211867,0.34820281,-0.20349515,horizon,-0.20349515,,CORRECT_REJECTION_LOSS_AVOIDED
222,2026-06-25T16:00:49Z,ETHUSDT,SHORT,IMAGE,1570.83,1607.04548565,1498.3990287,production-defaults-reconstructed,1.5,2,0.984,89,,,,10,90,CONFIRMS,BEARISH,MID_TREND,0,NO,"Imagen rechaza: El precio está en recuperación después de una caída fuerte, mostrando velas alcistas con volumen moderado, lo que no genera confianza para un corto en este momento.",YES,none,,0.4699647,0.44649408,0.23940035,horizon,0.23940035,,FALSE_NEGATIVE_PROFITABLE
224,2026-06-25T16:15:45Z,SNDKUSDT,LONG,MACRO,2263.94,2180.3326958,2431.1546084,production-defaults-reconstructed,1.5,2,0.736,0,,,,90,15,CONFIRMS,BEARISH,MID_TREND,1,NO,"Macro bloquea LONG — El mercado está en pánico extremo (Fear & Greed 12/100) con BTC y ETH cayendo más del 4% en 12h y tendencia bajista confirmada, creando un entorno ideal para posiciones cortas de tamaño reducido.",YES,none,,1.31591374,0.2666035,1.00469691,horizon,1.00469691,,FALSE_NEGATIVE_PROFITABLE
226,2026-06-25T16:45:45Z,LABUSDT,LONG,MACRO,18.593,17.39235702,20.99428595,production-defaults-reconstructed,1.5,2,0.712,0,,,,92,2,CONFIRMS,BEARISH,MID_TREND,1,NO,"Macro bloquea LONG — El mercado está en pánico extremo con caídas significativas en BTC y ETH, tendencia bajista confirmada en 4h y señal de inteligencia clara para operar cortos con posición reducida.",YES,none,,0.99530004,0.98530539,-0.53388061,horizon,-0.53388061,,CORRECT_REJECTION_LOSS_AVOIDED
228,2026-06-25T17:00:46Z,MUUSDT,LONG,MACRO,1217.28,1169.8425984,1312.1548032,production-defaults-reconstructed,1.5,2,0.895,0,,,,86,16,CONFIRMS,BEARISH,LATE_TREND,0,NO,"Macro bloquea LONG — El miedo extremo del mercado (12/100) combinado con una tendencia bajista confirmada en BTC y ETH, junto con EMA8 por debajo de EMA21, crea un entorno alcista para posiciones cortas con riesgo controlado.",YES,none,,0.4445859,0.46081782,-0.20195035,horizon,-0.20195035,,CORRECT_REJECTION_LOSS_AVOIDED
230,2026-06-25T17:15:50Z,ETHUSDT,SHORT,IMAGE,1569.61,1607.3748166,1494.0803668,production-defaults-reconstructed,1.5,2,0.858,85,,,,6,86,CONFIRMS,BEARISH,MID_TREND,0,NO,"Imagen rechaza: El precio está en recuperación después de una caída fuerte, mostrando rebote alcista con volumen moderado, no hay confirmación clara de debilidad para un short.",YES,none,,0.41837884,0.18959446,0.14855097,horizon,0.14855097,,FALSE_NEGATIVE_PROFITABLE
232,2026-06-25T17:30:47Z,SNDKUSDT,LONG,MACRO,2275.13,2193.32770085,2438.7345983,production-defaults-reconstructed,1.5,2,0.842,0,,,,90,15,CONFIRMS,BEARISH,MID_TREND,1,NO,"Macro bloquea LONG — Miedo extremo en el mercado (12/100) con caídas sostenidas en BTC y ETH, tendencia bajista confirmada en 4h y señal de IA de alto nivel de confianza generan un ambiente óptimo para posiciones cortas con riesgo controlado.",YES,none,,1.20815675,0.18654732,0.46759077,horizon,0.46759077,,FALSE_NEGATIVE_PROFITABLE
234,2026-06-25T17:45:47Z,MUUSDT,LONG,MACRO,1232,1182.43664,1331.12672,production-defaults-reconstructed,1.5,2,0.911,0,,,,86,16,CONFIRMS,BEARISH,LATE_TREND,0,NO,"Macro bloquea LONG — El mercado está en pánico extremo (Fear & Greed 12/100) con BTC y ETH cayendo -4.64% y -5.55% respectivamente en las últimas 12h, confirmando una tendencia bajista en el gráfico de 4h que favorece posiciones cortas con tamaño reducido.",YES,none,,0.12852236,0.7380452,-0.60952284,horizon,-0.60952284,,CORRECT_REJECTION_LOSS_AVOIDED
236,2026-06-25T18:00:48Z,SNDKUSDT,LONG,MACRO,2302.21,2223.85428265,2458.9214347,production-defaults-reconstructed,1.5,2,0.751,0,,,,90,15,CONFIRMS,BEARISH,PARABOLIC,0,NO,Macro bloquea LONG — F&G 12/100 — miedo extremo,YES,none,,0.91569578,0.44323505,0.06304581,horizon,0.06304581,,FALSE_NEGATIVE_PROFITABLE
238,2026-06-25T18:15:47Z,AAVEUSDT,LONG,MACRO,84.32,80.1183344,92.7233312,production-defaults-reconstructed,1.5,2,0.631,0,,,,95,15,CONFIRMS,BEARISH,MID_TREND,1,NO,"Macro bloquea LONG — El miedo extremo del mercado (12/100), caídas de -4.78% en BTC y -5.71% en ETH con tendencia bajista confirmada en 4h, generan un entorno propicio para operar shorts con posiciones reducidas.",YES,sl,2026-06-25T19:04:00Z,0.0285601,1.13050406,-1,sl,-1,,CORRECT_REJECTION_LOSS_AVOIDED
240,2026-06-25T18:30:48Z,SNDKUSDT,LONG,MACRO,2312.86,2231.678614,2475.222772,production-defaults-reconstructed,1.5,2,0.75,0,,,,90,15,CONFIRMS,BEARISH,MID_TREND,1,NO,"Macro bloquea LONG — El miedo extremo del mercado (12/100), caídas agresivas en BTC y ETH, y confirmación técnica de tendencia bajista generan un entorno ideal para operaciones cortas con capital reducido.",YES,none,,0.75263559,0.55899514,-0.30721328,horizon,-0.30721328,,CORRECT_REJECTION_LOSS_AVOIDED
242,2026-06-25T18:45:51Z,ETHUSDT,SHORT,AI_CONTEXT,1562.05,1599.4923385,1487.165323,production-defaults-reconstructed,1.5,2,0.758,41,,,,0,77,CONFIRMS,BEARISH,LATE_TREND,1,NO,AI rechaza: fallback,YES,none,,0.22007172,0.55952702,-0.26093456,horizon,-0.26093456,,CORRECT_REJECTION_LOSS_AVOIDED
244,2026-06-25T19:00:49Z,SNDKUSDT,LONG,MACRO,2292.6,2216.050086,2445.699828,production-defaults-reconstructed,1.5,2,0.779,0,,,,82,7,CONFIRMS,BEARISH,PARABOLIC,0,NO,"Macro bloquea LONG — El mercado está en pánico extremo (Fear & Greed 12/100) con BTC y ETH cayendo -4.61% y -5.56% respectivamente en 12h, confirmando una tendencia bajista clara en 4h, lo que genera alta confianza para operaciones cortas con posición reducida.",YES,none,,1.06283594,0.3281519,0.28216883,sl,0.02994909,,FALSE_NEGATIVE_PROFITABLE
246,2026-06-25T19:15:51Z,ZECUSDT,SHORT,AI_CONTEXT,394.18,406.8863923,368.7672154,production-defaults-reconstructed,1.5,2,0.551,46,,,,2,82,CONFIRMS,BEARISH,LATE_TREND,1,NO,AI rechaza: fallback,YES,sl,2026-06-25T21:32:00Z,0.05272937,1.37253751,-1,sl,-1,,CORRECT_REJECTION_LOSS_AVOIDED
248,2026-06-25T19:30:49Z,LABUSDT,LONG,MACRO,18.928,17.78408632,21.21582736,production-defaults-reconstructed,1.5,2,0.603,0,,,,75,0,CONFIRMS,BEARISH,MID_TREND,1,NO,"Macro bloquea LONG — El mercado está en pánico extremo (Fear & Greed 12/100) con BTC y ETH cayendo -4.84% y -5.97% respectivamente en 12h, confirmado por tendencia bajista en 4h (EMA8<EMA21), creando una oportunidad clara para posiciones cortas con riesgo controlado.",YES,sl,2026-06-25T20:01:00Z,0.75180498,1.07613015,-1,sl,-1,,CORRECT_REJECTION_LOSS_AVOIDED
250,2026-06-25T19:45:49Z,SNDKUSDT,LONG,MACRO,2297.66,2216.7708797,2459.4382406,production-defaults-reconstructed,1.5,2,0.775,0,,,,82,7,CONFIRMS,BEARISH,PARABOLIC,0,NO,"Macro bloquea LONG — El mercado está en pánico extremo (Fear & Greed 12) con caídas sostenidas en BTC y ETH, confirmadas por tendencia bajista en 4h, generando un entorno altamente favorable para posiciones cortas con tamaño reducido.",YES,none,,0.94326653,0.23909272,0.21832355,horizon,0.21832355,,FALSE_NEGATIVE_PROFITABLE
252,2026-06-25T23:30:46Z,HYPEUSDT,LONG,MACRO,65.189,62.96735888,69.63228224,production-defaults-reconstructed,1.5,2,0.574,0,,,,77,0,CONTRADICTS,BEARISH,MID_TREND,1,NO,"Macro bloquea LONG — El mercado está en pánico extremo con caídas pronunciadas en BTC y ETH, tendencia bajista confirmada y señal de inteligencia negativa, pero la confianza media sugiere esperar mejor confirmación antes de operar agresivamente.",YES,sl,2026-06-26T01:25:00Z,0.12828355,1.07083002,-1,sl,-1,,CORRECT_REJECTION_LOSS_AVOIDED
254,2026-06-26T00:45:44Z,SNDKUSDT,LONG,MACRO,2279.9,2201.0040605,2437.691879,production-defaults-reconstructed,1.5,2,0.59,0,,,,87,0,CONFIRMS,BEARISH,LATE_TREND,0,NO,"Macro bloquea LONG — El miedo extremo en el mercado (13/100), caídas significativas en BTC y ETH con confirmación de tendencia bajista en 4h, genera un sesgo bearish que permite shorts con posición reducida.",YES,sl,2026-06-26T02:16:00Z,0.25996268,1.11640726,-1,sl,-1,,CORRECT_REJECTION_LOSS_AVOIDED
256,2026-06-26T01:00:47Z,SOLUSDT,SHORT,IMAGE,67.69,69.2211478,64.6277044,production-defaults-reconstructed,1.5,2,0.521,63,,,,7,57,CONFIRMS,BEARISH,MID_TREND,0,NO,"Chart MID_TREND + imagen rechaza: El precio está en recuperación dentro de una zona de soporte, sin señales claras de debilidad para confirmar una entrada en corto.",YES,none,,1.19518181,0.5159528,-0.21552459,sl,0.04420866,,CORRECT_REJECTION_LOSS_AVOIDED
258,2026-06-26T01:15:45Z,SNDKUSDT,LONG,MACRO,2277.67,2202.47272495,2428.0645501,production-defaults-reconstructed,1.5,2,0.532,0,,,,87,0,CONFIRMS,BEARISH,MID_TREND,1,NO,"Macro bloquea LONG — El miedo extremo (13/100), caídas en BTC y ETH, y EMA bajistas confirman un mercado en capitulación donde los shorts son la estrategia preferente con tamaño moderado.",YES,sl,2026-06-26T02:16:00Z,0.0880351,1.14166371,-1,sl,-1,,CORRECT_REJECTION_LOSS_AVOIDED
260,2026-06-26T01:45:49Z,SOXLUSDT,SHORT,AI_CONTEXT,238.74,252.7743309,210.6713382,production-defaults-reconstructed,1.5,2,0.607,46,,,,0,82,CONFIRMS,BEARISH,LATE_TREND,1,NO,AI rechaza: fallback,YES,none,,1.22200339,0.12968199,0.57715612,horizon,0.57715612,,FALSE_NEGATIVE_PROFITABLE
262,2026-06-26T02:00:47Z,REUSDT,SHORT,AI_CONTEXT,0.5496,0.58208136,0.48463728,production-defaults-reconstructed,1.5,2,0.577,46,,,,12,82,CONFIRMS,BEARISH,LATE_TREND,1,NO,AI rechaza: fallback,YES,sl,2026-06-26T03:32:00Z,0.53569186,1.4592985,-1,sl,-1,,CORRECT_REJECTION_LOSS_AVOIDED
264,2026-06-26T02:15:48Z,DRAMUSDT,SHORT,SCORE,73.18,75.6103078,68.3193844,production-defaults-reconstructed,1.5,2,0.606,50,,,69,0,57,NEUTRAL,BEARISH,LATE_TREND,1,NO,Score insuficiente: 50 < threshold dinámico 69 (macro=BEARISH 4h=NEUTRAL intel=SHORT pos=2),YES,none,,0.89700572,0.32917641,0.11109704,horizon,0.11109704,,FALSE_NEGATIVE_PROFITABLE
266,2026-06-26T02:30:49Z,WLDUSDT,SHORT,AI_CONTEXT,0.4639,0.48401702,0.42366595,production-defaults-reconstructed,1.5,2,0.676,28,,,,0,72,CONFIRMS,BEARISH,LATE_TREND,1,NO,AI rechaza: fallback,YES,none,,0.44738229,0.83014269,-0.60148063,horizon,-0.60148063,,CORRECT_REJECTION_LOSS_AVOIDED
268,2026-06-26T03:30:49Z,DRAMUSDT,SHORT,AI_CONTEXT,71.19,73.7122617,66.1454766,production-defaults-reconstructed,1.5,2,0.75,31,,,,2,67,CONFIRMS,BEARISH,LATE_TREND,1,NO,AI rechaza: fallback,YES,sl,2026-06-26T05:32:00Z,0.07532922,1.02289148,-1,sl,-1,,CORRECT_REJECTION_LOSS_AVOIDED
269,2026-06-26T03:30:50Z,DRAMUSDT,SHORT,AI_CONTEXT,71.19,73.7122617,66.1454766,production-defaults-reconstructed,1.5,2,0.75,31,,,,2,67,CONFIRMS,BEARISH,LATE_TREND,1,NO,AI rechaza: fallback,YES,sl,2026-06-26T05:32:00Z,0.07532922,1.02289148,-1,sl,-1,,CORRECT_REJECTION_LOSS_AVOIDED
270,2026-06-26T03:45:48Z,WLDUSDT,SHORT,AI_CONTEXT,0.4661,0.48627747,0.42574506,production-defaults-reconstructed,1.5,2,0.703,56,,,,15,95,CONFIRMS,BEARISH,LATE_TREND,1,NO,AI rechaza: fallback,YES,sl,2026-06-26T07:12:00Z,0,1.01102869,-1,sl,-1,,CORRECT_REJECTION_LOSS_AVOIDED
272,2026-06-26T04:00:48Z,SOXLUSDT,SHORT,AI_CONTEXT,233.32,247.2282052,205.5035896,production-defaults-reconstructed,1.5,2,0.681,47,,,,2,87,CONFIRMS,BEARISH,LATE_TREND,1,NO,AI rechaza: fallback,YES,none,,0.49323402,0.50114302,-0.28256701,horizon,-0.28256701,,CORRECT_REJECTION_LOSS_AVOIDED
274,2026-06-26T04:15:49Z,SKHYNIXUSDT,SHORT,AI_CONTEXT,1730.87,1793.77847015,1605.0530597,production-defaults-reconstructed,1.5,2,0.852,34,,,,20,70,CONFIRMS,BEARISH,LATE_TREND,1,NO,AI rechaza: fallback,YES,none,,0.62837325,0.75713175,-0.63663923,horizon,-0.63663923,,CORRECT_REJECTION_LOSS_AVOIDED
276,2026-06-26T04:45:48Z,DRAMUSDT,SHORT,AI_CONTEXT,71.75,74.34161,66.56678,production-defaults-reconstructed,1.5,2,0.748,75,,,,6,96,CONFIRMS,BEARISH,LATE_TREND,1,NO,AI rechaza: Confluencia de señal NO OPERAR del modelo de inteligencia + RSI en sobrevendido (34.83) genera riesgo alto de rebote inmediato sin confirmación de sesión/noticias.,YES,sl,2026-06-26T07:12:00Z,0.16206142,1.01867179,-1,sl,-1,,CORRECT_REJECTION_LOSS_AVOIDED
278,2026-06-26T06:45:46Z,SKHYNIXUSDT,SHORT,AI_CONTEXT,1752.03,1821.2527053,1613.5845894,production-defaults-reconstructed,1.5,2,0.625,56,,,,20,95,CONFIRMS,BEARISH,LATE_TREND,1,NO,AI rechaza: fallback,YES,none,,0.12279208,0.38238898,-0.10011166,horizon,-0.10011166,,CORRECT_REJECTION_LOSS_AVOIDED
280,2026-06-26T07:00:51Z,SOXLUSDT,SHORT,IMAGE,239.57,253.2039287,212.3021426,production-defaults-reconstructed,1.5,2,0.575,67,,,,0,72,CONFIRMS,BEARISH,MID_TREND,0,NO,"Chart MID_TREND + imagen rechaza: El precio está en recuperación después de una caída, mostrando resistencia con velas verdes, lo que hace riesgoso un short en este momento.",YES,none,,0.88529141,0.03153896,0.70559266,horizon,0.70559266,,FALSE_NEGATIVE_PROFITABLE
282,2026-06-26T10:00:48Z,SOXLUSDT,SHORT,AI_CONTEXT,229.83,242.4890364,204.5119272,production-defaults-reconstructed,1.5,2,0.694,72,,,,0,87,CONFIRMS,BEARISH,LATE_TREND,1,NO,AI rechaza: Posición ETHUSDT abierta con 5x apalancamiento y PnL negativo genera riesgo sistémico en tu cuenta; RSI 41.07 en zona media-baja sin sobreventa clara reduce validez de entrada SHORT.,YES,none,,1.20625295,0.16825925,0.09795374,sl,0.01815541,,FALSE_NEGATIVE_PROFITABLE
284,2026-06-26T10:15:45Z,SLXUSDT,LONG,MACRO,0.4111,0.36758301,0.49813398,production-defaults-reconstructed,1.5,2,0.69,0,,,,68,8,CONFIRMS,BEARISH,LATE_TREND,0,NO,"Macro bloquea LONG — El mercado está en pánico extremo con BTC y ETH cayendo fuerte en tendencia bajista confirmada, pero la señal de inteligencia recomienda abstenerse debido a baja confianza, por lo que solo se permite operar shorts con posición reducida (0.6x).",YES,sl,2026-06-26T12:37:00Z,0.17992972,1.08394444,-1,sl,-1,,CORRECT_REJECTION_LOSS_AVOIDED
286,2026-06-26T10:45:44Z,SLXUSDT,LONG,MACRO,0.4163,0.37214514,0.50460972,production-defaults-reconstructed,1.5,2,0.691,0,,,,68,8,CONFIRMS,BEARISH,MID_TREND,1,NO,"Macro bloquea LONG — El mercado está en pánico extremo (Fear & Greed 13/100) con BTC y ETH en fuerte caída y tendencia bajista confirmada, creando condiciones favorables para operar cortos con tamaño reducido.",YES,sl,2026-06-26T12:33:00Z,0.03057421,1.01642267,-1,sl,-1,,CORRECT_REJECTION_LOSS_AVOIDED
288,2026-06-26T11:00:59Z,MSTRUSDT,SHORT,IMAGE,83.72,86.3295524,78.5008952,production-defaults-reconstructed,1.5,2,0.583,61,,,,2,82,CONFIRMS,BEARISH,LATE_TREND,0,NO,"Chart LATE_TREND + imagen rechaza: El precio está en una zona de soporte débil después de una caída pronunciada, sin confirmación clara de continuación bajista y con posible rebote alcista en curso.",YES,sl,2026-06-26T13:58:00Z,0.60546782,1.67844876,-1,sl,-1,,CORRECT_REJECTION_LOSS_AVOIDED
290,2026-06-26T11:15:45Z,SLXUSDT,LONG,MACRO,0.4138,0.37191516,0.49756967,production-defaults-reconstructed,1.5,2,0.658,0,,,,58,0,CONFIRMS,BEARISH,LATE_TREND,0,NO,"Macro bloquea LONG — Mercado en pánico extremo con presión vendedora en BTC y ETH, pero la baja confianza de las señales sugiere esperar confirmación antes de operar shorts agresivos.",YES,sl,2026-06-26T12:33:00Z,0.06135872,1.01182204,-1,sl,-1,,CORRECT_REJECTION_LOSS_AVOIDED
292,2026-06-26T11:30:50Z,SOXLUSDT,SHORT,AI_CONTEXT,229.71,242.0178618,205.0942764,production-defaults-reconstructed,1.5,2,0.694,70,,,,0,87,CONFIRMS,BEARISH,LATE_TREND,1,NO,AI rechaza: Señal bloqueada por inteligencia + RSI en zona baja (41.11) + volumen decreciente (0.408x) crea conflicto de validación crítico.,YES,none,,1.33248165,0.13406065,0.63536625,sl,0.01866368,,FALSE_NEGATIVE_PROFITABLE
294,2026-06-26T11:45:45Z,SLXUSDT,LONG,MACRO,0.406,0.3635527,0.4908946,production-defaults-reconstructed,1.5,2,0.625,0,,,,58,0,CONFIRMS,BEARISH,LATE_TREND,0,NO,"Macro bloquea LONG — El mercado está en pánico extremo (Fear & Greed 13) con BTC y ETH en caída pronunciada y tendencia bajista confirmada en 4h, pero la confianza es baja por lo que se recomienda esperar señales más claras antes de operar.",YES,sl,2026-06-26T12:47:00Z,0.20283976,1.07073948,-1,sl,-1,,CORRECT_REJECTION_LOSS_AVOIDED
296,2026-06-26T12:00:50Z,HYPEUSDT,SHORT,IMAGE,62.13,64.0964145,58.197171,production-defaults-reconstructed,1.5,2,0.536,50,,,,2,67,CONFIRMS,BEARISH,MID_TREND,0,NO,"Chart MID_TREND + imagen rechaza: El precio está en zona de soporte con volumen bajo y reciente recuperación, no hay confirmación clara de inversión bajista.",YES,sl,2026-06-26T14:04:00Z,0.57820973,1.01860518,-1,sl,-1,,CORRECT_REJECTION_LOSS_AVOIDED
298,2026-06-26T12:15:46Z,AAVEUSDT,LONG,MACRO,87.3,84.041964,93.816072,production-defaults-reconstructed,1.5,2,0.516,0,,,,82,2,CONFIRMS,BEARISH,MID_TREND,1,NO,"Macro bloquea LONG — El mercado está en pánico extremo con tendencia bajista confirmada en Bitcoin y caída fuerte en Ethereum, pero la baja confianza de la IA desaconseja operar con tamaño completo, recomendando solo shorts de prueba con riesgo reducido.",YES,tp,2026-06-26T16:03:00Z,2.11477098,0.54634142,2,tp,2,,FALSE_NEGATIVE_PROFITABLE
300,2026-06-26T12:30:47Z,LABUSDT,LONG,MACRO,18.927,17.8370887,21.10682259,production-defaults-reconstructed,1.5,2,0.561,0,,,,96,6,CONFIRMS,BEARISH,MID_TREND,1,NO,"Macro bloquea LONG — El miedo extremo del mercado (13/100), la caída de ETH (-7.66%) y la tendencia bajista en 4h sugieren presión vendedora, pero la baja confianza de la IA recomienda evitar operaciones grandes y esperar confirmaciones más sólidas.",YES,none,,0.32020955,0.64592413,-0.04312278,horizon,-0.04312278,,CORRECT_REJECTION_LOSS_AVOIDED
302,2026-06-26T12:45:45Z,SYNUSDT,LONG,MACRO,0.3613,0.30093761,0.48202478,production-defaults-reconstructed,1.5,2,0.603,0,,,,41,3,CONFIRMS,BEARISH,LATE_TREND,0,NO,"Macro bloquea LONG — El miedo extremo (13/100) y la debilidad técnica en BTC y ETH sugieren presión bajista, pero la baja confianza de la IA recomienda esperar confirmación antes de operar con posiciones grandes.",YES,none,,0.21718822,0.60335582,-0.2866023,horizon,-0.2866023,,CORRECT_REJECTION_LOSS_AVOIDED
304,2026-06-26T13:00:50Z,SOXLUSDT,SHORT,AI_CONTEXT,224.37,236.02489965,201.0602007,production-defaults-reconstructed,1.5,2,0.654,75,,,,6,96,CONFIRMS,BEARISH,LATE_TREND,1,NO,AI rechaza: Señal de inteligencia bloqueada + volatilidad USA en 30m + conflicto de alineación sesión/noticias generan incertidumbre operacional crítica.,YES,none,,0.94895712,0.59974776,0.09094887,horizon,0.09094887,,FALSE_NEGATIVE_PROFITABLE
306,2026-06-26T13:30:50Z,SKHYNIXUSDT,SHORT,IMAGE,1733.8,1789.741057,1621.917886,production-defaults-reconstructed,1.5,2,0.59,70,,,,0,87,CONFIRMS,BEARISH,MID_TREND,0,NO,"Chart MID_TREND + imagen rechaza: El precio está recuperándose desde los mínimos recientes con velas alcistas, falta confirmación clara de reversión bajista para un short de calidad.",YES,sl,2026-06-26T14:22:00Z,0.37914907,1.0716637,-1,sl,-1,,CORRECT_REJECTION_LOSS_AVOIDED
308,2026-06-26T14:45:51Z,ETHUSDT,SHORT,IMAGE,1557.07,1592.571196,1486.067608,production-defaults-reconstructed,1.5,2,0.661,68,,,,15,85,CONFIRMS,BEARISH,MID_TREND,0,NO,"Imagen rechaza: El precio está recuperándose desde soporte con volumen moderado, sin confirmación clara de reversión a la baja.",YES,sl,2026-06-26T16:00:00Z,0.12055932,1.06531622,-1,sl,-1,,CORRECT_REJECTION_LOSS_AVOIDED
310,2026-06-26T15:00:49Z,SOXLUSDT,SHORT,VOLUME,220.1,232.6093835,195.081233,production-defaults-reconstructed,1.5,2,0.782,75,,,,15,100,CONFIRMS,BEARISH,LATE_TREND,1,NO,Vol spike extremo (4.6x),YES,none,,0.54279254,0.56757393,0.41249035,horizon,0.41249035,,FALSE_NEGATIVE_PROFITABLE
312,2026-06-26T15:30:46Z,SOLUSDT,LONG,MACRO,71.45,69.50691725,75.3361655,production-defaults-reconstructed,1.5,2,1.025,0,,,,95,15,CONTRADICTS,BEARISH,LATE_TREND,0,NO,"Macro bloquea LONG — El miedo extremo del mercado (13/100), caída de ETH del -5.85% y tendencia bajista en BTC confluyen en sesgo bearish, pero la baja confianza de la IA y el tamaño reducido aconsejan esperar confirmaciones adicionales antes de operar con convicción.",YES,none,,1.06017101,0.02573231,1.04473163,horizon,1.04473163,,FALSE_NEGATIVE_PROFITABLE
314,2026-06-26T15:45:49Z,SOXLUSDT,SHORT,VOLUME,224.48,238.235012,196.969976,production-defaults-reconstructed,1.5,2,0.692,75,,,,15,100,CONFIRMS,BEARISH,LATE_TREND,0,NO,Vol spike extremo (4.1x),YES,none,,0.79098441,0.1977461,0.19338406,horizon,0.19338406,,FALSE_NEGATIVE_PROFITABLE
316,2026-06-26T16:00:45Z,SOLUSDT,LONG,MACRO,72.17,70.3101791,75.8896418,production-defaults-reconstructed,1.5,2,1.057,0,,,,90,10,NEUTRAL,BEARISH,MID_TREND,1,NO,"Macro bloquea LONG — El miedo extremo del mercado (13/100) combinado con tendencia bajista en BTC y caída en ETH sugiere presión vendedora, pero la baja confianza de la IA recomienda cautela extrema en cualquier operación.",YES,none,,0.93557396,0.1129141,0.661354,horizon,0.661354,,FALSE_NEGATIVE_PROFITABLE
318,2026-06-26T16:15:45Z,AAVEUSDT,LONG,MACRO,93.68,89.9885396,101.0629208,production-defaults-reconstructed,1.5,2,0.727,0,,,,83,15,CONFIRMS,BEARISH,MID_TREND,1,NO,"Macro bloquea LONG — El mercado está en pánico extremo con tendencia bajista confirmada en 4h, pero la baja confianza de las señales y la magnitud limitada de los movimientos (-2.38% ETH, +0.38% BTC) sugieren esperar confirmación antes de operar con convicción.",YES,none,,1.21902974,0.40634325,0.33591042,horizon,0.33591042,,FALSE_NEGATIVE_PROFITABLE
320,2026-06-26T16:30:50Z,SOXLUSDT,SHORT,IMAGE,220.78,234.0698521,194.2002958,production-defaults-reconstructed,1.5,2,0.697,87,,,,15,100,CONFIRMS,BEARISH,MID_TREND,0,NO,"Imagen rechaza: El precio está recuperándose desde niveles bajos con volumen moderado, sin señales claras de debilidad para operar en corto.",YES,none,,0.65087256,0.48307535,0.61249741,horizon,0.61249741,,FALSE_NEGATIVE_PROFITABLE
322,2026-06-26T16:45:45Z,HYPEUSDT,LONG,MACRO,65.028,62.84208378,69.39983244,production-defaults-reconstructed,1.5,2,0.67,0,,,,81,6,NEUTRAL,BEARISH,MID_TREND,1,NO,"Macro bloquea LONG — El mercado está en pánico extremo (Fear & Greed 13/100) con Bitcoin en tendencia bajista de 4h y Ethereum con caídas significativas, creando un entorno alcista para posiciones cortas con tamaño reducido debido a la volatilidad.",YES,none,,0.21364039,0.5576609,-0.53570214,horizon,-0.53570214,,CORRECT_REJECTION_LOSS_AVOIDED
324,2026-06-26T17:00:50Z,SOLUSDT,LONG,MACRO,72.42,70.5483051,76.1633898,production-defaults-reconstructed,1.5,2,1.051,0,,,,95,15,NEUTRAL,BEARISH,MID_TREND,1,NO,"Macro bloquea LONG — El mercado está en pánico extremo (Fear & Greed 13/100) con presión bajista confirmada en múltiples timeframes (BTC/ETH negativos, EMA cruzada), lo que favorece operaciones cortas con tamaño moderado.",YES,none,,0.79606992,0.21371004,-0.14959703,horizon,-0.14959703,,CORRECT_REJECTION_LOSS_AVOIDED
326,2026-06-26T17:15:49Z,AAVEUSDT,LONG,MACRO,95.29,91.43790175,102.9941965,production-defaults-reconstructed,1.5,2,0.735,0,,,,83,15,CONFIRMS,BEARISH,MID_TREND,1,NO,"Macro bloquea LONG — El miedo extremo en el mercado (13/100), la presión bajista en BTC y ETH con tendencia alcista rota en 4h, y la señal de inteligencia convergente sugieren un ambiente hostil para largos donde los shorts con posición reducida (0.6x) ofrecen mejor relación riesgo-beneficio.",YES,none,,0.75024047,0.64120898,-0.58409725,horizon,-0.58409725,,CORRECT_REJECTION_LOSS_AVOIDED
328,2026-06-26T17:30:46Z,SOLUSDT,LONG,MACRO,72.7,70.7621815,76.575637,production-defaults-reconstructed,1.5,2,1.078,0,,,,95,15,NEUTRAL,BEARISH,MID_TREND,1,NO,"Macro bloquea LONG — El miedo extremo (13/100), la debilidad técnica en BTC y ETH con EMA bajistas, y la confirmación de señal SHORT sugieren un contexto de pánico vendedor donde solo operaciones cortas con tamaño reducido son viables.",YES,none,,0.62441348,0.47992111,-0.22705945,horizon,-0.22705945,,CORRECT_REJECTION_LOSS_AVOIDED
330,2026-06-26T17:45:47Z,AAVEUSDT,LONG,MACRO,97.97,93.9404939,106.0290122,production-defaults-reconstructed,1.5,2,0.732,0,,,,83,15,CONFIRMS,BEARISH,MID_TREND,1,NO,"Macro bloquea LONG — El mercado opera en miedo extremo con BTC en tendencia bajista de corto plazo y ETH cayendo -2.08%, creando un contexto propicio para operar SHORT con posiciones reducidas.",YES,sl,2026-06-26T20:36:00Z,0.05211557,1.19369468,-1,sl,-1,,CORRECT_REJECTION_LOSS_AVOIDED
332,2026-06-26T18:00:47Z,SOLUSDT,LONG,MACRO,72.61,70.802011,76.225978,production-defaults-reconstructed,1.5,2,0.989,0,,,,77,0,NEUTRAL,BEARISH,MID_TREND,1,NO,"Macro bloquea LONG — El miedo extremo del mercado (13/100) combinado con la ruptura bajista en BTC y ETH en caída genera un sesgo bearish claro, permitiendo shorts con posición reducida por confianza media.",YES,none,,0.71903092,0.4646046,-0.34292244,horizon,-0.34292244,,CORRECT_REJECTION_LOSS_AVOIDED
334,2026-06-26T18:15:47Z,AAVEUSDT,LONG,MACRO,96.45,92.5987515,104.152497,production-defaults-reconstructed,1.5,2,0.732,0,,,,83,15,CONFIRMS,BEARISH,MID_TREND,1,NO,Macro bloquea LONG — El miedo extremo del mercado (13/100) combinado con la rotura de medias móviles en Bitcoin y la debilidad en Ethereum crea un ambiente bajista que favorece posiciones cortas con riesgo moderado.,YES,sl,2026-06-26T22:04:00Z,0.07010714,1.09574856,-1,sl,-1,,CORRECT_REJECTION_LOSS_AVOIDED
336,2026-06-26T18:30:48Z,SOLUSDT,LONG,MACRO,72.43,70.55370085,76.1825983,production-defaults-reconstructed,1.5,2,0.972,0,,,,77,0,NEUTRAL,BEARISH,MID_TREND,1,NO,"Macro bloquea LONG — El miedo extremo del mercado (13/100), la presión bajista en BTC y ETH con tendencia alcista rota en 4h, y la señal de inteligencia confirman un sesgo bajista que favorece operaciones SHORT con posición reducida.",YES,none,,0.7887868,0.55428262,-0.45301945,horizon,-0.45301945,,CORRECT_REJECTION_LOSS_AVOIDED
338,2026-06-26T18:45:46Z,AAVEUSDT,LONG,MACRO,96.39,92.3936706,104.3826588,production-defaults-reconstructed,1.5,2,0.728,0,,,,78,10,CONFIRMS,BEARISH,MID_TREND,1,NO,"Macro bloquea LONG — El miedo extremo del mercado (13/100), la presión bajista en BTC y ETH con EMA8 por debajo de EMA21, y la señal de inteligencia convergente generan un contexto propicio para operar shorts con tamaño reducido ante probable continuidad del movimiento bajista.",YES,sl,2026-06-26T22:04:00Z,0.0650597,1.04095523,-1,sl,-1,,CORRECT_REJECTION_LOSS_AVOIDED
340,2026-06-26T19:00:47Z,SOLUSDT,LONG,MACRO,72.52,70.768642,76.022716,production-defaults-reconstructed,1.5,2,0.834,0,,,,77,0,NEUTRAL,BEARISH,MID_TREND,1,NO,"Macro bloquea LONG — El miedo extremo (13/100), tendencia bajista en 4h con EMA cruzada negativa y debilidad en BTC/ETH crean un entorno propicio para operar shorts con posición reducida.",YES,none,,0.79366983,0.6452136,-0.39397999,horizon,-0.39397999,,CORRECT_REJECTION_LOSS_AVOIDED
342,2026-06-26T19:15:47Z,AAVEUSDT,LONG,MACRO,94.94,91.0792649,102.6614702,production-defaults-reconstructed,1.5,2,0.673,0,,,,70,2,CONFIRMS,BEARISH,MID_TREND,1,NO,"Macro bloquea LONG — El miedo extremo (13/100), la rotura de EMAs en 4h y la debilidad de ETH (-2.34%) confirman presión bajista, ofreciendo oportunidad de cortos con tamaño reducido debido a volatilidad elevada.",YES,none,,0.41442885,0.70193886,0.28751001,horizon,0.28751001,,FALSE_NEGATIVE_PROFITABLE
344,2026-06-26T19:30:50Z,SOXLUSDT,SHORT,AI_CONTEXT,216.74,229.6631225,190.893755,production-defaults-reconstructed,1.5,2,0.614,42,,,,0,82,CONFIRMS,BEARISH,LATE_TREND,1,NO,AI rechaza: fallback,YES,none,,0.5238672,0.4441651,0.30101084,horizon,0.30101084,,FALSE_NEGATIVE_PROFITABLE
346,2026-06-26T19:45:48Z,AAVEUSDT,LONG,MACRO,95.96,92.0347562,103.8104876,production-defaults-reconstructed,1.5,2,0.728,0,,,,70,2,CONFIRMS,BEARISH,MID_TREND,1,NO,"Macro bloquea LONG — El mercado está en pánico extremo (Fear & Greed 13) con tendencia bajista confirmada en BTC/ETH y EMA cruzadas negativas, generando un entorno óptimo para operaciones cortas con riesgo controlado.",YES,none,,0.13247585,0.95025945,-0.07133315,horizon,-0.07133315,,CORRECT_REJECTION_LOSS_AVOIDED
348,2026-06-26T20:00:51Z,SNDKUSDT,SHORT,SCORE,2094.16,2170.4607196,1941.5585608,production-defaults-reconstructed,1.5,2,0.74,59,,,65,15,70,NEUTRAL,BEARISH,LATE_TREND,1,NO,Score insuficiente: 59 < threshold dinámico 65 (macro=BEARISH 4h=NEUTRAL intel=SHORT pos=1),YES,none,,0.26985329,0.34272285,-0.31991835,horizon,-0.31991835,,CORRECT_REJECTION_LOSS_AVOIDED
350,2026-06-26T20:15:49Z,SOLUSDT,LONG,MACRO,72.82,70.9488901,76.5622198,production-defaults-reconstructed,1.5,2,0.823,0,,,,82,2,NEUTRAL,BEARISH,MID_TREND,1,NO,"Macro bloquea LONG — Miedo extremo (13/100) y presión bajista en BTC con EMA8 bajo EMA21 sugieren debilidad, pero la baja confianza de la IA advierte esperar confirmación antes de operar con posiciones normales.",YES,none,,0.12826612,0.76425228,-0.28325434,horizon,-0.28325434,,CORRECT_REJECTION_LOSS_AVOIDED
352,2026-06-26T20:30:51Z,MUUSDT,SHORT,IMAGE,1136.24,1176.7526372,1055.2147256,production-defaults-reconstructed,1.5,2,0.641,22,,,,2,87,CONTRADICTS,BEARISH,LATE_TREND,0,NO,"Chart LATE_TREND + imagen rechaza: El precio está en una zona de soporte consolidada después de una caída significativa, sin señales claras de continuación bajista inmediata.",YES,none,,0.32631793,0.10663339,0.08244341,horizon,0.08244341,,FALSE_NEGATIVE_PROFITABLE
354,2026-06-26T20:45:51Z,SPCXUSDT,SHORT,IMAGE,152.13,155.9864955,144.417009,production-defaults-reconstructed,1.5,2,0.687,23,,,,25,40,CONFIRMS,BEARISH,MID_TREND,0,NO,"Chart MID_TREND + imagen rechaza: El precio está en soporte dinámico con volumen bajo, falta confirmación de ruptura a la baja para un short confiable.",YES,none,,0.01555817,0.52897767,-0.34746572,horizon,-0.34746572,,CORRECT_REJECTION_LOSS_AVOIDED
356,2026-06-26T21:00:53Z,SOXLUSDT,SHORT,AI_CONTEXT,211.14,223.3111653,186.7976694,production-defaults-reconstructed,1.5,2,0.688,65,,,,0,82,CONFIRMS,BEARISH,LATE_TREND,1,NO,AI rechaza: Señal bloqueada por inteligencia + RSI sobrevendido (30.6) genera alto riesgo de rebote contra la posición SHORT.,YES,none,,0.09612884,0.34672111,-0.16596603,horizon,-0.16596603,,CORRECT_REJECTION_LOSS_AVOIDED
358,2026-06-26T21:15:52Z,SNDKUSDT,SHORT,AI_CONTEXT,2079.23,2153.98871465,1929.7125707,production-defaults-reconstructed,1.5,2,0.738,42,,,,0,77,NEUTRAL,BEARISH,LATE_TREND,1,NO,AI rechaza: Conflicto crítico entre señal de inteligencia bloqueada (NO OPERAR) y setup técnico; RSI sobrevendido (33.15) con salidas masivas de BTC ETF generan riesgo de rebote impredecible.,YES,none,,0.00200646,0.62507763,-0.48716728,horizon,-0.48716728,,CORRECT_REJECTION_LOSS_AVOIDED
360,2026-06-26T21:30:50Z,SOLUSDT,LONG,MACRO,72.32,70.459568,76.040864,production-defaults-reconstructed,1.5,2,0.716,0,,,,82,2,NEUTRAL,BEARISH,MID_TREND,1,NO,"Macro bloquea LONG — Mercado en pánico extremo (Fear & Greed 13) con BTC en tendencia bajista confirmada, pero señal de IA débil recomienda evitar operaciones o ejecutarlas solo con posición corta reducida hasta claridad de contexto.",YES,none,,0.10212682,0.4998839,-0.36013141,horizon,-0.36013141,,CORRECT_REJECTION_LOSS_AVOIDED
362,2026-06-26T21:45:52Z,MUUSDT,SHORT,AI_CONTEXT,1127.99,1166.65185725,1050.6662855,production-defaults-reconstructed,1.5,2,0.639,49,,,,0,82,NEUTRAL,BEARISH,LATE_TREND,1,NO,AI rechaza: Flujos negativos de Bitcoin ETF ($7.2B salidas) generan incertidumbre de mercado que contradice la señal técnica.,YES,none,,0.03698736,0.41565515,-0.39496292,horizon,-0.39496292,,CORRECT_REJECTION_LOSS_AVOIDED
364,2026-06-26T22:00:49Z,SOLUSDT,LONG,MACRO,71.98,70.2384439,75.4631122,production-defaults-reconstructed,1.5,2,0.714,0,,,,77,0,NEUTRAL,BEARISH,LATE_TREND,0,NO,"Macro bloquea LONG — El mercado está en pánico extremo con presión bajista confirmada en timeframes cortos, pero la confianza media de la señal sugiere esperar confirmación adicional antes de operar con tamaño completo.",YES,none,,0.30432554,0.38471342,-0.34451948,horizon,-0.34451948,,CORRECT_REJECTION_LOSS_AVOIDED
366,2026-06-26T22:15:53Z,SOXLUSDT,SHORT,AI_CONTEXT,213.02,224.7499463,189.5601074,production-defaults-reconstructed,1.5,2,0.555,72,,,,0,82,CONFIRMS,BEARISH,LATE_TREND,1,NO,"AI rechaza: RSI 33.11 en sobrevendido genera riesgo inmediato de rebote sharp contra posición short, agravado por conflicto de inteligencia (señal NO OPERAR) y salidas masivas de ETF.",YES,none,,0.14833828,0.1994894,-0.15174835,horizon,-0.15174835,,CORRECT_REJECTION_LOSS_AVOIDED
368,2026-06-26T22:30:50Z,SOLUSDT,LONG,MACRO,71.61,69.805428,75.219144,production-defaults-reconstructed,1.5,2,0.738,0,,,,77,0,NEUTRAL,BEARISH,LATE_TREND,0,NO,"Macro bloquea LONG — El miedo extremo del mercado (13/100) con tendencia bajista en BTC y confluencia de señales negativas sugiere presión vendedora, pero la confianza media de la IA recomienda cautela y operar solo shorts con tamaño reducido hasta mayor confirmación.",YES,none,,0.49873322,0.16624441,0.19949329,horizon,0.19949329,,FALSE_NEGATIVE_PROFITABLE
370,2026-06-26T22:45:54Z,SNDKUSDT,SHORT,RANGING,2099.79,2171.13036525,1957.1092695,production-defaults-reconstructed,1.5,2,0.587,44,,,,0,77,NEUTRAL,BEARISH,LATE_TREND,1,NO,Ranging + score bajo (44),YES,none,,0.01401731,0.366833,-0.14031327,horizon,-0.14031327,,CORRECT_REJECTION_LOSS_AVOIDED
372,2026-06-26T23:00:51Z,LABUSDT,LONG,MACRO,19.184,18.31295048,20.92609904,production-defaults-reconstructed,1.5,2,0.542,0,,,,87,0,CONFIRMS,BEARISH,MID_TREND,1,NO,"Macro bloquea LONG — El miedo extremo en el mercado (13/100) combined con tendencia bajista en BTC y cruce bajista de EMAs genera sesgo bearish, pero la señal de inteligencia recomienda cautela, justificando solo shorts con tamaño reducido (0.6x) hasta mayor claridad.",YES,sl,2026-06-27T01:40:00Z,1.21807082,1.52115347,-1,sl,0.02202401,,CORRECT_REJECTION_LOSS_AVOIDED
374,2026-06-26T23:15:50Z,SOLUSDT,LONG,MACRO,71.86,70.1601517,75.2596966,production-defaults-reconstructed,1.5,2,0.739,0,,,,77,0,NEUTRAL,BEARISH,LATE_TREND,0,NO,"Macro bloquea LONG — El miedo extremo del mercado (13/100) combinado con tendencia bajista en BTC y señal de inteligencia restrictiva sugiere esperar confirmaciones adicionales antes de operar con posiciones grandes, permitiendo solo shorts con tamaño reducido.",YES,none,,0.38238706,0.32355828,0.01176576,horizon,0.01176576,,FALSE_NEGATIVE_PROFITABLE
376,2026-06-26T23:30:54Z,SOXLUSDT,SHORT,AI_CONTEXT,213.16,224.238991,191.002018,production-defaults-reconstructed,1.5,2,0.547,72,,,,0,82,CONFIRMS,BEARISH,LATE_TREND,1,NO,AI rechaza: Señal de inteligencia bloqueada + RSI en sobrevendido (33.46) + volumen crítico bajo (0.087x) crean confluencia de rechazo operacional.,YES,none,,0.22113927,0.23106797,0.00812348,horizon,0.00812348,,FALSE_NEGATIVE_PROFITABLE
378,2026-06-27T00:45:54Z,SOLUSDT,LONG,IMAGE,71.65,69.95511925,75.0397615,production-defaults-reconstructed,1.5,2,0.663,39,,,,77,0,NEUTRAL,BEARISH,LATE_TREND,0,NO,LATE_TREND bloqueado — score=72 vol=0.26x (necesita score>=90+vol>=1.2x o score>=85+vol>=1.5x),YES,none,,0.54281105,0.20060408,0.32450661,horizon,0.32450661,,FALSE_NEGATIVE_PROFITABLE
380,2026-06-27T01:00:52Z,LABUSDT,LONG,AI_CONTEXT,19.827,18.94697861,21.58704279,production-defaults-reconstructed,1.5,2,0.635,71,,,,96,6,CONFIRMS,BEARISH,MID_TREND,1,NO,AI rechaza: Conflicto crítico: macro BEARISH con noticia prioritaria (Bitcoin hacia $58k) contradice señal LONG; RSI 1h en sobrecompra (69.24) + funding rate negativo sugieren corrección inminente.,YES,sl,2026-06-27T01:38:00Z,0.47498845,1.45223742,-1,sl,-1,,CORRECT_REJECTION_LOSS_AVOIDED
382,2026-06-27T01:15:53Z,SLXUSDT,LONG,IMAGE,0.4503,0.40954335,0.53181331,production-defaults-reconstructed,1.5,2,0.578,35,,,,65,5,CONFIRMS,BEARISH,LATE_TREND,0,NO,LATE_TREND bloqueado — score=73 vol=1.41x (necesita score>=90+vol>=1.2x o score>=85+vol>=1.5x),YES,none,,0.65510777,0.31430451,0.08980129,horizon,0.08980129,,FALSE_NEGATIVE_PROFITABLE
384,2026-06-27T01:45:52Z,AAVEUSDT,LONG,AI_CONTEXT,94.66,90.9569008,102.0661984,production-defaults-reconstructed,1.5,2,0.53,33,,,,77,0,CONFIRMS,BEARISH,MID_TREND,1,NO,"AI rechaza: Conflicto crítico: señal LONG con macro BEARISH urgente (BTC cayendo, ETF outflows, RSI 1h sobrecomprado en 65.99) y score final de 66-4=62 pts, muy por debajo del threshold de 81.",YES,none,,0.79663002,0.61029961,-0.02430397,horizon,-0.02430397,,CORRECT_REJECTION_LOSS_AVOIDED
386,2026-06-27T02:15:37Z,SOLUSDT,LONG,SCORE,71.87,70.3046714,75.0006572,production-defaults-reconstructed,1.5,2,0.68,68,,,88,77,0,NEUTRAL,BEARISH,,0,NO,Score insuficiente: 68 < threshold 88 (faltan 20 pts) — macro=BEARISH 4h=NEUTRAL intel=SHORT pos=2,YES,none,,0.44719045,0.24914896,-0.15971087,horizon,-0.15971087,,CORRECT_REJECTION_LOSS_AVOIDED
388,2026-06-27T02:30:54Z,SLXUSDT,LONG,IMAGE,0.4641,0.42146777,0.54936445,production-defaults-reconstructed,1.5,2,0.679,35,,,,65,5,CONFIRMS,BEARISH,LATE_TREND,0,NO,LATE_TREND bloqueado — score=73 vol=1.39x (necesita score>=90+vol>=1.2x o score>=85+vol>=1.5x),YES,none,,0.30235344,0.62417571,0.02838229,horizon,0.02838229,,FALSE_NEGATIVE_PROFITABLE
390,2026-06-27T03:15:52Z,SOXLUSDT,SHORT,AI_CONTEXT,212.06,221.4054842,193.3690316,production-defaults-reconstructed,1.5,2,0.492,47,,,,0,87,CONFIRMS,BEARISH,LATE_TREND,1,NO,AI rechaza: fallback,YES,none,,0.00428014,0.3252908,-0.17976597,horizon,-0.17976597,,CORRECT_REJECTION_LOSS_AVOIDED
392,2026-06-27T04:00:57Z,SNDKUSDT,SHORT,AI_CONTEXT,2103.94,2157.59047,1996.63906,production-defaults-reconstructed,1.5,2,0.506,40,,,,0,80,CONFIRMS,BEARISH,LATE_TREND,1,NO,AI rechaza: fallback,YES,none,,0.08965439,0.11798592,-0.04752987,horizon,-0.04752987,,CORRECT_REJECTION_LOSS_AVOIDED
394,2026-06-27T04:15:53Z,SLXUSDT,LONG,AI_CONTEXT,0.4655,0.4241636,0.5481728,production-defaults-reconstructed,1.5,2,0.594,31,,,,58,2,CONFIRMS,BEARISH,MID_TREND,1,NO,"AI rechaza: Conflicto crítico entre señal técnica LONG (chart + 4h) y macro BEARISH con noticia prioritaria de salida masiva de ETF ($5.4Bn), generando desalineación de inteligencia que bloquea operación.",YES,none,,0.42819404,0.53173474,-0.18748609,horizon,-0.18748609,,CORRECT_REJECTION_LOSS_AVOIDED
396,2026-06-27T04:30:55Z,SOXLUSDT,SHORT,IMAGE,213.54,222.5182893,195.5834214,production-defaults-reconstructed,1.5,2,0.474,70,,,,0,87,CONFIRMS,BEARISH,LATE_TREND,0,NO,"Chart LATE_TREND + imagen rechaza: El precio se encuentra en una zona de consolidación lateral después de una caída significativa, sin confirmación clara de continuación bajista.",YES,none,,0.07351066,0.17375248,-0.00891038,horizon,-0.00891038,,CORRECT_REJECTION_LOSS_AVOIDED
398,2026-06-27T04:45:33Z,SOLUSDT,LONG,RANGING,72.19,70.6999984,75.1700032,production-defaults-reconstructed,1.5,2,0.687,60,,,88,77,0,CONFIRMS,BEARISH,,0,NO,"Ranging market — score 60 pts (threshold 88, faltaron 28 pts)",YES,none,,0.09395963,0.47650956,-0.20805347,horizon,-0.20805347,,CORRECT_REJECTION_LOSS_AVOIDED
400,2026-06-27T05:00:51Z,LABUSDT,LONG,IMAGE,19.675,18.43016275,22.1646745,production-defaults-reconstructed,1.5,2,0.743,55,,,,92,2,CONFIRMS,BEARISH,LATE_TREND,0,NO,LATE_TREND bloqueado — score=100 vol=1.10x (necesita score>=90+vol>=1.2x o score>=85+vol>=1.5x),YES,sl,2026-06-27T08:21:00Z,0.19199297,1.07805257,-1,sl,-1,,CORRECT_REJECTION_LOSS_AVOIDED
402,2026-06-27T05:30:52Z,SLXUSDT,LONG,AI_CONTEXT,0.4654,0.42313703,0.54992595,production-defaults-reconstructed,1.5,2,0.547,41,,,,62,5,CONFIRMS,BEARISH,MID_TREND,1,NO,"AI rechaza: Conflicto crítico: sesgo macro BEARISH + noticia de exodus de $5.4Bn ETF + volatilidad europea inminente contradicen la señal LONG, generando riesgo de trampa alcista.",YES,sl,2026-06-27T09:17:00Z,0.42117244,1.06689132,-1,sl,-1,,CORRECT_REJECTION_LOSS_AVOIDED
404,2026-06-27T06:00:32Z,SOLUSDT,LONG,AI_BIAS,71.78,70.4158211,74.5083578,production-defaults-reconstructed,1.5,2,0.502,63,,,84,77,0,CONFIRMS,BEARISH,,0,NO,Bias conflict: AI dice SHORT vs LONG — score=63 threshold=84,YES,none,,0.40317293,0.14660834,0.05864333,horizon,0.05864333,,FALSE_NEGATIVE_PROFITABLE
406,2026-06-27T06:15:54Z,LABUSDT,LONG,AI_CONTEXT,19.442,18.17457602,21.97684796,production-defaults-reconstructed,1.5,2,0.582,71,,,,96,6,CONFIRMS,BEARISH,MID_TREND,1,NO,"AI rechaza: Conflicto crítico: setup LONG en macro BEARISH (sesgo -15pts) + noticia negativa (-4pts) + volatilidad europea inminente generan score final ~77pts, por debajo del threshold de 81.",YES,sl,2026-06-27T09:19:00Z,0.31954579,1.18586994,-1,sl,-1,,CORRECT_REJECTION_LOSS_AVOIDED
408,2026-06-27T06:30:51Z,SOXLUSDT,SHORT,AI_CONTEXT,214.89,223.0515222,198.5669556,production-defaults-reconstructed,1.5,2,0.466,47,,,,0,87,CONFIRMS,BEARISH,LATE_TREND,1,NO,AI rechaza: fallback,YES,none,,0.26710704,0.01347788,0.1948166,horizon,0.1948166,,FALSE_NEGATIVE_PROFITABLE
410,2026-06-27T06:45:54Z,SLXUSDT,LONG,AI_CONTEXT,0.4669,0.42518715,0.55032569,production-defaults-reconstructed,1.5,2,0.577,41,,,,62,5,CONFIRMS,BEARISH,MID_TREND,1,NO,"AI rechaza: Conflicto crítico: macro BEARISH con señal SHORT vs chart LONG confirmado en 4h, además noticia negativa de ETF crush reduce confianza general del mercado.",YES,sl,2026-06-27T09:17:00Z,0.39076691,1.11692211,-1,sl,-1,,CORRECT_REJECTION_LOSS_AVOIDED
412,2026-06-27T07:00:52Z,AAVEUSDT,LONG,AI_CONTEXT,95.84,92.2862528,102.9474944,production-defaults-reconstructed,1.5,2,0.6,52,,,,77,0,CONFIRMS,BEARISH,MID_TREND,1,NO,AI rechaza: Confluencia de macro BEARISH con noticia crítica de -$4.5B en ETF y RSI 4h extremo (77.57) generan riesgo de reversión inmediata.,YES,none,,0.28702098,0.37706678,0.14913835,horizon,0.14913835,,FALSE_NEGATIVE_PROFITABLE
414,2026-06-27T07:15:35Z,SOLUSDT,LONG,SCORE,72.03,70.6772766,74.7354468,production-defaults-reconstructed,1.5,2,0.493,81,,,84,77,0,CONFIRMS,BEARISH,,0,NO,Score insuficiente: 81 < threshold 84 (faltan 3 pts) — macro=BEARISH 4h=CONFIRMS intel=SHORT pos=1,YES,none,,0.22177483,0.26612979,-0.20698984,horizon,-0.20698984,,CORRECT_REJECTION_LOSS_AVOIDED
416,2026-06-27T07:30:52Z,LABUSDT,LONG,IMAGE,19.724,18.47162462,22.22875076,production-defaults-reconstructed,1.5,2,0.508,57,,,,92,2,CONFIRMS,BEARISH,LATE_TREND,0,NO,LATE_TREND bloqueado — score=100 vol=0.92x (necesita score>=90+vol>=1.2x o score>=85+vol>=1.5x),YES,sl,2026-06-27T08:21:00Z,0.02076055,1.11068935,-1,sl,-1,,CORRECT_REJECTION_LOSS_AVOIDED
418,2026-06-27T08:45:33Z,SOLUSDT,LONG,AI_BIAS,71.89,70.5636295,74.542741,n8n-retained,1.5,2,0.474,63,,,84,77,0,CONFIRMS,BEARISH,,0,NO,Bias conflict: AI dice SHORT vs LONG — score=63 threshold=84,YES,none,,0.17340555,0.30157486,-0.03769686,horizon,-0.03769686,-0.048,CORRECT_REJECTION_LOSS_AVOIDED
420,2026-06-27T09:00:51Z,AAVEUSDT,LONG,AI_CONTEXT,95.75,91.39529,102.282065,n8n-retained,2,1.5,0.487,52,,,81,77,0,CONFIRMS,BEARISH,MID_TREND,1,NO,"AI rechaza: Conflicto crítico: macro BEARISH con sesgo SHORT de noticias reduce confianza mínimo -15pts, RSI 1H en zona alta (62.42) y contexto de outflows en BTC generan divergencia peligrosa.",YES,none,,0.38808554,0.28704552,0.23652551,horizon,0.23652551,0.2266,FALSE_NEGATIVE_PROFITABLE
422,2026-06-27T09:15:50Z,SLXUSDT,LONG,IMAGE,0.4445,0.39052881,0.52545679,n8n-retained,2,1.5,0.428,32,,,81,62,5,CONFIRMS,BEARISH,LATE_TREND,0,NO,LATE_TREND bloqueado — score=70 vol=0.84x (necesita score>=90+vol>=1.2x o score>=85+vol>=1.5x),YES,none,,0.71260241,0.44820209,0.43134124,horizon,0.43134124,0.421368,FALSE_NEGATIVE_PROFITABLE
424,2026-06-27T10:00:49Z,SOXLUSDT,SHORT,AI_CONTEXT,213.22,219.5686255,200.522749,n8n-retained,1.5,2,0.408,41,,,63,0,77,CONFIRMS,BEARISH,LATE_TREND,1,NO,AI rechaza: fallback,YES,none,,0.05513004,0.174841,-0.02835259,horizon,-0.02835259,-0.027,CORRECT_REJECTION_LOSS_AVOIDED
426,2026-06-27T10:45:49Z,SLXUSDT,LONG,IMAGE,0.4484,0.4057168,0.53376639,n8n-retained,1.5,2,0.473,27,,,81,68,11,CONFIRMS,BEARISH,LATE_TREND,0,NO,LATE_TREND bloqueado — score=76 vol=1.70x (necesita score>=90+vol>=1.2x o score>=85+vol>=1.5x),YES,none,,0.93057699,0.23287853,0.7431496,horizon,0.7431496,0.72956,FALSE_NEGATIVE_PROFITABLE
428,2026-06-27T12:00:36Z,SOLUSDT,LONG,AI_BIAS,71.75,70.64792,73.95416,n8n-retained,1.5,2,0.402,45,,,84,67,0,CONFIRMS,BEARISH,,0,NO,Bias conflict: AI dice SHORT vs LONG — score=45 threshold=84,YES,none,,1.27939895,0.14518002,0.92552265,horizon,0.92552265,0.9078,FALSE_NEGATIVE_PROFITABLE
430,2026-06-27T12:30:32Z,SNDKUSDT,SHORT,SCORE,2097.09,2131.7548977,2027.7602046,n8n-retained,1.5,2,0.39,41,,,66,0,77,CONFIRMS,BEARISH,,0,NO,Score insuficiente: 41 < threshold 66 (faltan 25 pts) — macro=BEARISH 4h=CONFIRMS intel=SHORT pos=1,YES,none,,0.09404326,0.42059839,-0.19789471,horizon,-0.19789471,-0.19894,CORRECT_REJECTION_LOSS_AVOIDED
432,2026-06-27T12:45:48Z,SLXUSDT,LONG,AI_CONTEXT,0.4721,0.4162789,0.55583166,n8n-retained,2,1.5,0.574,21,,,81,62,2,CONFIRMS,BEARISH,MID_TREND,1,NO,AI rechaza: Conflicto crítico: setup LONG con macro BEARISH + noticia negativa de Solmate (crash 98%) + apertura USA en 45m genera volatilidad impredecible.,YES,none,,0.38963758,0.23754457,0.26674499,horizon,0.26674499,0.260575,FALSE_NEGATIVE_PROFITABLE
434,2026-06-27T13:00:51Z,AAVEUSDT,LONG,AI_CONTEXT,96.78,92.5952328,103.0571508,n8n-retained,2,1.5,0.502,37,,,81,82,2,CONFIRMS,BEARISH,MID_TREND,1,NO,AI rechaza: Conflicto crítico: macro bearish con señal SHORT de alta confianza versus setup LONG; apertura USA en 30m genera volatilidad impredecible.,YES,none,,0.59979442,0.41579374,-0.20311763,horizon,-0.20311763,-0.1955,CORRECT_REJECTION_LOSS_AVOIDED
436,2026-06-27T13:15:30Z,SOLUSDT,LONG,AI_BIAS,72.19,71.0919901,74.3860198,n8n-retained,1.5,2,0.517,55,,,84,77,0,CONFIRMS,BEARISH,,0,NO,Bias conflict: AI dice SHORT vs LONG — score=55 threshold=84,YES,none,,0.88341644,0.31875851,-0.04553693,horizon,-0.04553693,-0.0445,CORRECT_REJECTION_LOSS_AVOIDED
438,2026-06-27T14:45:49Z,AAVEUSDT,LONG,AI_CONTEXT,97.38,92.8284588,105.57277416,n8n-retained,2,1.8,0.496,53,,,81,82,2,CONFIRMS,BEARISH,MID_TREND,1,NO,"AI rechaza: Conflicto crítico: sesgo macro BEARISH con señal LONG genera -15pts, más -4pts por noticias bajistas = score final 67pts (bajo threshold 81); la noticia prioritaria de ETF semiconductor añade incertidumbre macroeconómica que contradice el momentum local.",YES,none,,0.19114405,0.795335,-0.65472328,horizon,-0.65472328,-0.6258,CORRECT_REJECTION_LOSS_AVOIDED
440,2026-06-27T15:00:32Z,XRPUSDT,LONG,AI_BIAS,1.0687,1.05741453,1.09127094,n8n-retained,1.5,2,0.363,8,,,84,81,6,CONTRADICTS,BEARISH,,0,NO,Bias conflict: AI dice SHORT vs LONG — score=8 threshold=84,YES,sl,2026-06-27T18:06:00Z,0.70887598,1.10761872,-1,sl,-1,-0.98183606,CORRECT_REJECTION_LOSS_AVOIDED
442,2026-06-27T15:15:29Z,SOLUSDT,LONG,AI_BIAS,72.98,71.874353,75.191294,n8n-retained,1.5,2,0.55,68,,,84,82,2,CONFIRMS,BEARISH,,0,NO,Bias conflict: AI dice SHORT vs LONG — score=68 threshold=84,YES,sl,2026-06-27T17:04:00Z,0.05426687,1.0310705,-1,sl,-1,-1.28255052,CORRECT_REJECTION_LOSS_AVOIDED
444,2026-06-27T15:30:48Z,SLXUSDT,LONG,AI_CONTEXT,0.4883,0.4355929,0.56736065,n8n-retained,2,1.5,0.573,37,,,81,62,2,CONFIRMS,BEARISH,MID_TREND,1,NO,AI rechaza: Conflicto crítico entre señal LONG (chart 4h) y macro BEARISH (Bitcoin ETF outflows con urgencia 90/100) genera incertidumbre direccional con RSI sobrecomprado en 1h.,YES,tp,2026-06-27T18:06:00Z,1.92953124,0.24759472,1.5,tp,1.5,1.47052815,FALSE_NEGATIVE_PROFITABLE
446,2026-06-27T17:45:47Z,SLXUSDT,LONG,AI_CONTEXT,0.5248,0.49619315,0.55340685,n8n-retained,1,1,0.575,4,,,77,49,0,CONFIRMS,BEARISH,MID_TREND,1,NO,AI rechaza: Conflicto crítico: setup LONG pero macro BEARISH con noticia regulatoria prioritaria (90/100 urgencia) genera señal SHORT confirmada; RSI 74.08 indica sobrecompra inminente en estructura alcista exhausto.,NO,tp,2026-06-27T18:06:00Z,2.27917455,0.42297565,1,tp,1,0.96405078,CENSORED
448,2026-06-27T18:00:28Z,SOLUSDT,LONG,AI_BIAS,71.99,70.9878992,73.9942016,n8n-retained,1.5,2,0.541,56,,,80,80,10,CONFIRMS,BEARISH,,0,NO,Bias conflict: AI dice SHORT vs LONG — score=56 threshold=80,NO,sl,2026-06-27T19:25:00Z,0.14968554,1.05777782,-1,sl,-1,-1.03216382,CENSORED
450,2026-06-27T18:15:49Z,LABUSDT,SHORT,SCORE,14.777,16.89838612,9.4735347,n8n-retained,2,2.5,0.565,58,,,61,12,65,NEUTRAL,BEARISH,LATE_TREND,1,NO,Score insuficiente: 58 < threshold dinámico 61 (macro=BEARISH 4h=NEUTRAL intel=SHORT pos=0),NO,none,,0.1494306,0.52230001,,,,,CENSORED
452,2026-06-27T18:45:47Z,REUSDT,LONG,4H,0.677,0.63674558,0.75750884,n8n-retained,1.5,2,0.696,1,,,81,80,2,CONTRADICTS,BEARISH,MID_TREND,1,NO,4h contradice 1h (SHORT vs LONG) score=1 < threshold 81,NO,sl,2026-06-27T20:20:00Z,0.43473487,1.26445742,-1,sl,-1,-0.96208064,CENSORED
454,2026-06-27T19:00:43Z,SLXUSDT,LONG,IMAGE,0.5629,0.50869273,0.67131454,n8n-retained,1.5,2,0.682,0,,,81,62,11,CONFIRMS,BEARISH,PARABOLIC,0,NO,"PARABOLIC detectado — rechazo inmediato: El precio ha experimentado un rally parabólico extremo con un pico local muy alto, seguido de una caída significativa, indicando agotamiento alcista y alto riesgo de corrección.",NO,none,,0.60840548,0.37688672,,,,,CENSORED
456,2026-06-27T19:15:32Z,BTCUSDT,LONG,AI_BIAS,60566.9,60081.759131,61537.181738,n8n-retained,1.5,2,0.465,0,,,84,72,0,CONTRADICTS,BEARISH,,0,NO,Bias conflict: AI dice SHORT vs LONG — score=0 threshold=84,NO,sl,2026-06-27T19:37:00Z,0,1.06546373,-1,sl,-1,-0.48514087,CENSORED
458,2026-06-27T20:25:39Z,HYPEUSDT,SHORT,LEARNING_WRAPPER,62.145,63.4090293,59.6169414,n8n-retained,1.5,2,0.549,50.92,,50.92,66,6,56,CONFIRMS,BEARISH,,0,NO,Learning Engine: Score insuficiente: 56 < threshold 66 (faltan 10 pts) — macro=BEARISH 4h=CONFIRMS intel=NO OPERAR pos=1,NO,none,,0.02768923,0.34492871,,,,,CENSORED
460,2026-06-27T20:30:47Z,REUSDT,LONG,LEARNING_WRAPPER,0.6377,0.57889131,0.72591304,n8n-retained,2,1.5,0.528,32.93,,32.93,81,100,10,CONTRADICTS,BEARISH,LATE_TREND,0,NO,Learning Engine: LATE_TREND bloqueado — score=80 vol=1.63x (necesita score>=90+vol>=1.2x o score>=85+vol>=1.5x),NO,none,,0.03230815,0.12243088,,,,,CENSORED
